"Title","ChordProgression"
"9.20 Special","D9|Fm6|D9|Fm6|C|C7,B7,Bb7,A7|D9|G7,C6"
"26-2","Fmaj7,Ab7|Dbmaj7,E7|Amaj7,C7|Cm7,F7|Bbmaj7,Db7|Gbmaj7,A7|Dm7,G7|Gm7,C7"
"26-2","Fmaj7,Ab7|Dbmaj7,E7|Amaj7,C7|Cm7,F7|Bbmaj7,Ab7|Dbmaj7,E7|Amaj7,C7|Fmaj7"
"26-2","Fmaj7,Ab7|Dbmaj7,E7|Amaj7,C7|Cm7,F7|Bbmaj7,Ab7|Dbmaj7,E7|Amaj7,C7|Fmaj7"
"52nd Street Theme","C,Am7|Dm7,G7|C,Am7|Dm7,G7|C,Am7|Dm7,G7|C,G7|C"
"52nd Street Theme","C,Am7|Dm7,G7|C,Am7|Dm7,G7|C,Am7|Dm7,G7|C,G7|C"
"A Beautiful Friendship","Cmaj7|Gb7#11|Fmaj7|Em7b5,A7b9|Am7|D7|Dm7|G7"
"A Beautiful Friendship","Cmaj7|Gb7#11|Fmaj7|Em7b5,A7b9|Dm7|G7|C6,A7|D7,G7"
"A Blossom Fell","Bb6,B0|Cm7|F7,F7#5|Bb6|Bbmaj7/D,Db0|Cm7,F7|Cm7,F7|Bb6,B0,F7/C,F7"
"A Certain Smile","Gm7|C7|F6|Dm7|Gm7|C7|Fmaj7|Fmaj7"
"A Certain Smile","Gm7|C7|F6|Dm7|Gm7|C7|Fmaj7|Cm7,F7"
"A Felicidade","Cmaj7(Am7)|Cmaj7(Am7)|Cmaj7|Cmaj7|Em7|B7b9|Em7,A7|Dm7,G7"
"A Fine Romance","C6|C#07|Dm6|D#07|Em7|Am7|Dm7|G7"
"A Fine Romance","C6|C#07|Dm6|D#07|Em7|Am7|Dm7|G7"
"A Flower Is A Lovesome Thing","B7#11|B7#11|B7#11|B7#11|Bb7b13,Eb7|Ab7b13,Db7|Dmaj7(F#m7),,Eb7,D|Db6"
"A Flower Is A Lovesome Thing","B7#11|B7#11|B7#11|B7#11|Bb7b13,Eb7|Ab7b13,Db7|Dmaj7(F#m7),,Eb7,D|Db6"
"A Foggy Day","Fmaj7|D7b9|Gm7|C7|F6|Ab7|G7|C7"
"A Ghost Of A Chance","Dm7|G7#5|Cmaj7,G7|Cmaj7,Am7|F#m7b5|B7b9|Em7,A7|Dm7,G7#5"
"A Kiss To Build A Dream On","Cmaj7,Dm7|Em7,Eb07|Dm7,A7b9|Dm7,G7|Dm7,A7b9|Dm7,G7|C6,Am7|Dm7,G7"
"A Lovely Way To Spend An Evening","Bbmaj7|Gm7,C7|Am7|Dm7|Gm7|C7|Fmaj7|Cm7,F7"
"A Night In Tunisia","Eb7|Dm6|Eb7|Dm6|Eb7|Dm6|Em7b5,A7b9|Dm"
"A Night In Tunisia","Eb7|Dm6|Eb7|Dm6|Eb7|Dm6|Em7b5,A7b9|Dm"
"A Nightingale Sang In Berkeley Square","Ebmaj7,Cm7|Gm7,,Bbm7,Eb7|Abmaj7,,Dm7b5,G7|Cm,Abm6|Ebmaj7/Bb,Fm7|Ebmaj7/G,,Abm7,Db7|Ebmaj7,Cm7|Fm7,Bb7"
"A Sleepin' Bee","Abmaj7,Eb7sus|Abmaj7,Eb7sus|Abmaj7,D7|Dbmaj7,Gb7sus|Abmaj7,Db7|C7,F7|Bbm7,E7|Eb7,Db7"
"A Sleepin' Bee","Abmaj7,Eb7sus|Abmaj7,Eb7sus|Abmaj7,D7|Dbmaj7,Gb7sus|Abmaj7,Db7|C7,F7|Bbm7,E7|Eb7,Db7"
"A Smooth One","B07,Bb6|F6/A,F6|B07,Bb6|F6/A,F6|B07,Bb6|F6/A,F6|G7,C7|F6"
"A Sound For Sore Ears","Bb7sus|Bb7sus|Bb7sus|Bb7sus|Bb7sus|Bb7sus|Bb7sus|Bb7sus"
"A Sunday Kind Of Love","Fmaj7,F#07|Gm7,C7|Fmaj7,Cm7,F7,|Bbmaj7,Bbm7|Fmaj7,D7|Gm7,C7|F6,Eb7|F6"
"A Time For Love","Fmaj7|Eb7/F|F6|G7|Gm7|Gm7/F|Em7,A7|Em7b5/A,A7b9"
"A Tisket A Tasket","Ebmaj7|Ebmaj7|Ebmaj7,Abmaj7|Gm7,C7|Fm7|Bb7|Fm7,Bb7|Ebmaj7"
"A Weaver Of Dreams","Cmaj7|Cmaj7|Bm7b5|E7b9|Am7|Am7|Gm7|C7"
"A Weaver Of Dreams","Cmaj7|Cmaj7|Bm7b5|E7b9|Am7|Am7|Gm7|C7"
"Ablution","Fm7|Bbm7|Eb7|Abmaj7|Dbmaj7|G7|Cmaj7|Cmaj7"
"Ac-Cent-Tchu-Ate The Positive","F,Faug|F6,Fmaj7|Gm7|C7|F,Faug|F6,Fmaj7|Gm7,C7|F6,C7"
"Ac-Cent-Tchu-Ate The Positive","F,Faug|F6,Fmaj7|Gm7|C7|F,Faug|F6,Fmaj7|Gm7,C7|F6,C7"
"Across The Alley From The Alamo","Fmaj7|Fmaj7|Fmaj7|Fmaj7|C7|C7|Gm7,C7|Fmaj7"
"African Queen, The","Cm9,Db9|Cm9,Db9|Cm9,Db9|Cm9,Db9|Cm9,Db9|Cm9,Db9|Cm9,Db9|Cm9,Db9"
"African Queen, The","Cm9,Db9|Cm9,Db9|Cm9,Db9|Cm9,Db9|Cm9,Db9|Cm9,Db9|Cm9,Db9|Cm9,Db9"
"After You've Gone","Ebmaj7|Ebmaj7|Ebm6|Ab7|Bbmaj7|Bbmaj7|Dm7|G7"
"After You've Gone","Ebmaj7|Ebmaj7|Ebm6|Ab7|Bbmaj7|Bbmaj7|Dm7|G7"
"Afternoon In Paris","Cmaj7|Cm7,F7|Bbmaj7|Bbm7,Eb7|Abmaj7|Dm7,G7#9|Cmaj7|Dm7,G7"
"Again","Gmaj7,Em7|Am7,D7|Bm7,E7|Am7,D7|Bm7,E7b9|Am7b5,D7b9|B7#5,E7b9|Am7,D7"
"Again","Gmaj7,Em7|Am7,D7|Bm7,E7|Am7,D7|Bm7,E7b9|Am7b5,D7b9|Gmaj7|Dm7,G7"
"Ain't Misbehavin'","C6,A7|Dm7,G7|C6,C7/E|F6,Fm6|C6/E,A7|Dm7,G7|C6,Am7|Dm7,G7"
"Ain't She Sweet","Eb6,E07|Fm7,B7|Eb6,E07|Fm7,Bb7|Eb6,G7|C7|F7,Bb7|Eb6"
"Airegin","Fm|C7b5#9|Fm|F7|Bbm|F7b5#9|Bbm|Bbm"
"Airegin","Fm|C7b5#9|Fm|F7|Bbm|F7b5#9|Bbm|Bbm"
"Airmail Special","C6,Am7|Dm7,G7|Em7,A7|Dm7,G7|C,C7/E|F,F#07|C/G|C"
"Airmail Special","C6,Am7|Dm7,G7|Em7,A7|Dm7,G7|C,C7|F,F#07|C/G|C"
"Aisha","Am9|Gm9|Am9|Fm9|Fm7,Bb7|Gm7,C7|Am7,D7b9|G7,C7,Fm,E7"
"Alexander's Ragtime Band","F6|F6|G7,C7|F6|Bb6|Bb6|Bb6|Bb6"
"Alexander's Ragtime Band","F6|F6|G7,C7|F6|Bb6|Bb6|Bb6|Bb6"
"Alfie","Bbmaj7|F7sus|Bbmaj7|Dm7,G7|Cm7|Dm7,Gm7|Cm7,F7sus|Bb07"
"Alfie's Theme","Bbm7,Bbm7/Ab|Gm7b5,Gbmaj7|Bbm7/F,Gm7b5|Cm7b5,F7b9|Bbm7,Bbm7/Ab|Gm7b5,E07|Bbm7/F,Gm7b5|Cm7b5,F7,Bbm7,"
"Alfie's Theme","Bbm7,Bbm7/Ab|Gm7b5,Gbmaj7|Bbm7/F,Gm7b5|Cm7b5,F7b9|Bbm7,Bbm7/Ab|Gm7b5,E07|Bbm7/F,Gm7b5|Cm7b5,F7,Bbm7,"
"All By Myself","Cmaj7|Cmaj7|D7|D7|G7|G7|Em7,A7|Dm7,G7"
"All By Myself","Cmaj7|Cmaj7|D7|D7|G7|G7|E7|E7"
"All God's Chillun Got Rhythm","Fmaj7,Dm7|Gm7,C7|Am7,D7|Gm7,C7|Fmaj7,Dm7|Gm7,C7|Am7b5|D7b9"
"All God's Chillun Got Rhythm","Fmaj7,Dm7|Gm7,C7|Am7,D7|Gm7,C7|Fmaj7,Dm7|Gm7,C7|Am7b5|D7b9"
"All My Tomorrows","Am7|Am7b5,D7b9|Bm7|Bb07(Bbm7),(Eb7)|Am7|Bm7,E7b9|Am7,D7b9|Bm7,E7b9"
"All My Tomorrows","Am7|Cm6,F7|Bm7|Bb07(Bbm7),(Eb7)|Am7|Bm7,E7b9|Am7,D7b9|Dm7,G7"
"All Of Me","Cmaj7|Cmaj7|E7|E7|A7|A7|Dm7|Dm7"
"All Of Me","Cmaj7|Cmaj7|E7|E7|A7|A7|Dm7|Dm7"
"All Of You","Abm6|Ebmaj7|Fm7b5|Bb7|Abm6|Ebmaj7|Fm7b5|Bb7"
"All Of You","Abm6|Ebmaj7|Fm7b5|Bb7|Abm6|Ebmaj7|Gm7|C7"
"All Through The Day","Fmaj7|Gm7,C7|Fmaj7|Gm7,C7|Fmaj7|G7|Gm7|C7"
"All Through The Night","Fmaj7|Em7b5,A7b9|Dm7,Db7|Cm7,F7b9|Bbmaj7|Bbm7,Eb7b9|Abmaj7|Abmaj7"
"All Too Soon","Cmaj7,Am7|Dm7,G7|Cmaj7,C7|Fmaj7,Bb7|Em7,A7#9|Dm7,G7|C6,Am7|Dm7,G7"
"Alone Together","Dm6|Em7b5,A7b9|Dm6|Em7b5,A7b9|Dm6,Bm7b5|Bb7,A7b9|Dm6|Em7b5,A7b9"
"Alone Too Long","G6|G6,G#07|Am7,D7|Am7,D7|Am7|D7|G6,Em7|Am7,D7"
"Always And Forever","Am9,,Dm7,Em7|Fmaj7,,G9,E7/G#|Am9,Abmaj7|Cmaj9/G,F#m7b5|Fmaj7,Eb69|D9,G7sus|Cmaj7|Fm6/G,E/G#"
"Among My Souvenirs","Ebmaj7,C7b9|Fm7,Bb7|Fm7,Bb7|Ebmaj7,Ab7|Gm7,Gb7|Fm7|Bb7|Eb6"
"Angel Eyes","Cm,,D7,Db7(G7)|Cm,Ab7|Cm,Am7b5|Dm7b5,G7b9|Cm,,D7,Db7(G7)|Cm,A7alt|Ab7,G7b9|Cm,,(Dm7b5),(G7)"
"Angel Eyes","Cm,,D7,Db7(G7)|Cm,Ab7|Cm,Am7b5|Dm7b5,G7b9|Cm,,D7,Db7(G7)|Cm,A7alt|Ab7,G7b9|Cm,,(Dm7b5),(G7)"
"Anthropology","Bbmaj7,G7|Cm7,F7|Dm7,G7|Cm7,F7|Fm7,Bb7|Eb7,Ab7|Cm7,F7|Bb6"
"April In Paris","G7b9sus|Cmaj7|Dm7b5|G7b9|Cmaj7|Cmaj7|Gm7|C7"
"Aren't You Glad You're You","Fmaj7,Fmaj7/A|Bb6,B07|C7|F6|C7|F6,D7|G7|C,C7"
"Aren't You Glad You're You","Fmaj7,Fmaj7/A|Bb6,B07|Amaj7,E7|Amaj7|Bm7,E7|Amaj7,F#m7|Bm7,E7|Amaj7,C7"
"Aren't You Glad You're You","Fmaj7,Fmaj7/A|Bb6,B07|C7|F6|C7|F6,D7|Gm7,C7|F6"
"Armando's Rhumba","Cm7|D7b9|G7b13|Cm7|Cm7|D7b9|G7b13|Cm7"
"As Long As I Live","Fmaj7|Em7b5,A7b9|D7|D7|G7|Gm7,C7|Fmaj7,Bb7|F6,C7"
"As Time Goes By","Fm7,Bb7|Fm7(Bbm6),Bb7|Ebmaj7,Bb7#5(Fm7)|Ebmaj7(Gm7),(C7)|F7,F#07|Gm7,C7b9|Fm7,Bb7|Eb6,C7b9"
"Ask Me Now","Gm7,C7,F#m7,B7|Fm7,Bb7,Em7,A7|Ebm7,Ab7#5|B7#11,Bb7|Eb7,D7|Dbmaj7,Eb7|Ebm7,Ab7#5|Dbmaj7"
"At Last","C6,Am7|Dm7,G7b13|Cmaj7,Am7|Dm7,G7#9|Em7,A7|Dm7,G7|C6,Am7|Dm7,G7"
"Autumn In New York","Gm7,Am7|Bb6,C7|Fmaj7,Gm7|Am7,D7b9|Gm7,Am7|Bb6,C7|Am7b5|D7b9"
"Autumn Leaves","Cm7|F7|Bbmaj7|Ebmaj7|Am7b5|D7b13|Gm6|Gm6"
"Ballad For Very Tired And Very Sad Lotus Eaters","Bbm7b9,Eb13b9|Ab07,Abmaj7|Bbm7,Eb13|Ebm7,Ab7b9|Dbmaj7|Bb9,E7|Bbm7,Eb7sus|Ab69,Eb7sus"
"Ballade","Fmaj7|Em7b5,A7b9|D7|D7|G7|Gm7,C7|Fmaj7,Dm7|Gm7,C7"
"Ballade","Fmaj7(Am7)|Em7b5,A7b9|D7|D7|G7|Gm7,C7|F6|F6"
"Ballade","Fmaj7|Em7b5,A7b9|D7|D7|G7|Gm7,C7|F6|F6"
"Bark For Barksdale","F|F|Gm7|C7|F|Bb7|G7,C7|F"
"Bark For Barksdale","F|F|Gm7|C7|F|Bb7|G7,C7|F"
"Basin Street Blues","Bb,Cm7,C#0,Bb/D|Bb,Cm7,C#0,Bb/D|Bb/D,Dbm7,Cm7,F7|Bb/D,Dbm7,Cm7,F7|Bb,Bb7/Ab|Eb6/G,Ebm6/Gb|Bb/F|F7"
"Be Careful It's My Heart","Gm7/C,C7|Gm7/C,C7|F6,Gm7|G#07,F/A|Gm7/C,C7|Gm7/C,C7|F6,Gm7|G#07,F/A"
"Be Careful It's My Heart","Gm7/C,C7|Gm7/C,C7|F6,Gm7|G#07,F/A|Gm7/C,C7|Gm7/C,C7|Am7|D7"
"Be My Love","Gsus,G|Gmaj7|F#m7b5|B7b9|Em7|Em7|C#m7b5,C7b5|Bm7,E7b9"
"Be My Love","Gsus,G|Gmaj7|F#m7b5|B7b9|Em7|Em7|C#m7b5,C7b5|Bm7,E7b9"
"Be-Bop","Fm,Gm7b5|Fm/Ab,Bbm6|Fm/C|Gm7b5,C7b9|Fm,Gm7b5|Fm/Ab,Bbm6|Fm/C|Gm7b5,C7,Fm,"
"Be-Bop","Fm,Gm7b5|Fm/Ab,Bbm6|Fm/C|Gm7b5,C7b9|Fm,Gm7b5|Fm/Ab,Bbm6|Fm/C|Gm7b5,C7,Fm,"
"Beautiful Love","Em7b5|A7b9|Dm|Dm(D7)|Gm7|C7|Fmaj7|Em7b5,A7b9"
"Beauty And The Beast","Am7|B7#5#9,E7#9|Am7|Gm7,C7#9|Fm7|Ebm7,Ab13|Dbmaj9|C7alt"
"Bein' Green","Bbmaj7|A7#5|Dm7b5/Ab|G7sus,G7b9|Cm7|F7sus,F7|Bb6|Cm7,F7"
"Bernie's Tune","Dm7|Dm7|Bb7#11|Bb7#11|Em7b5|A7b9|Dm7|Dm7(Em7b5),(A7b9)"
"Bess You Is My Woman","Bb6,Gm7|Cm7,F7#9|Bbmaj7,Bb7|Ebmaj7,Ab7|Gm7,Gm7/F|Em7b5,Eb7|Dm7,Ab7|Dbmaj7,F7"
"Best Is Yet To Come (Page 2), The","Amaj7,A7|A6,,Aaug,A|F#7|F#7|B7|E7|A6|A6"
"Better Days Ahead","E/F#,B69|G/A|Dmaj9,Ab9#11|Gmaj7|Em7,F#m7|Bm7,,Am7,D7|D7,Abm7,Db7b9,|Gbmaj7"
"Between The Devil And The Deep Blue Sea","Fmaj7|Gm7,C7|Fmaj7|Gm7,C7|Cm7,F7|Bbmaj7,Eb7|Gm7,C7|F6,C7"
"Bewitched","Cmaj7,Am7(C#07)|Dm7,G7|Cmaj7(Cmaj7/E),C7#5(E7#5)|Fmaj7,F#07(Bb7#11)|C6/G(C6),Am7(Eb07)|Dm7,G7|C6,Am7|Dm7,G7"
"Bidin' My Time","Ebmaj7,C7b13|Fm7,Bb7|Ebmaj7,C7b13|Fm7,Bb7|Eb6,C7|Fm7,Abm7|Ebmaj7/Bb,Fm7,Bb7,|Eb6"
"Bidin' My Time","Ebmaj7,C7b13|Fm7,Bb7|Ebmaj7,C7b13|Fm7,Bb7|Eb6,C7|Fm7,Abm7|Ebmaj7/Bb,Bb7|Ebmaj7"
"Big Nick","Gmaj7,Em7|Am7,D7|Gmaj7,Em7|Am7,D7|G,G7/B|C,C#07|G/D,E7|Am7,D7"
"Bill Bailey, Won't You Please Come Home","G|G|G|G|G|G,Ab07|Am7|D7"
"Bill Bailey, Won't You Please Come Home","G|G|G|G|Dm7|G7|C|C"
"Billy Boy","Fmaj7|Fm6|Cmaj7|Bm7b5,E7b9|Am7|D7|Dm7|G7"
"Birth Of The Blues, The","Cmaj7,C#07|Dm7,G7|Cmaj7,E7|Fmaj7,F#07|G7|Dm7,G7|C6,Eb07|Dm7,G7"
"Black And Blue","Am7|Dm7|Am7|D7,Db7|C6,A7|Dm7,G7|C6,F7|C6,,(Bm7b5),(E7)"
"Black Butterfly","Gm7,C7|F6|Fmaj7,,Em7b5,Eb7|D7,,Eb7,D7|G7,Gb7|F7,Bb7|Eb7,D7,Db7,C7|F6,F#07"
"Black Butterfly","Gm7,C7|Fmaj7|F7,Eb7|D7b9|G7,C7|F7,B07|Am7,D7,Gm7,C7|Fmaj7"
"Black Nile","Dm6|Eb7|Dm6|Cm7,F7|Bbmaj7|A7b13|Dm6|Eb7"
"Blackberry Winter","Fmaj7,Am7|Dm7,,Gm7,C7|Fmaj7,Gm7|Am7,Bbmaj7|Am7,Dm7|Gm7,C7|F6|Gm7,C7"
"Blame It On My Youth","Ebmaj7,Fm7|Gm7,Cm7|Fm7,E07|Fm7,Bb7|Fm7,E07|Fm7,Bb7|Gm7,,Fm7,Bb7|Ebmaj7,Eb7"
"Blame It On My Youth","Ebmaj7,Fm7|Gm7,Cm7|Fm7,E07|Fm7,Bb7|Fm7,E07|Fm7,Bb7|Gm7,,Fm7,Bb7|Bbm7,Eb7"
"Blood Count","F7#11|Bb7#9|Eb7#9#11|Bbm7,Eb7|Dm|Dmaug|Dm6|Am7,D7"
"Blood Count","F7#11|Bb7#9|Eb7#9#11|Bbm7,A7|Dmaj7|Dmaj7#5|D6|Am7,D7"
"Blood Count","F7#11|Bb7#9|Eb7#9#11|Bbm7,Eb7|Dmaj7|Dmaj7#5|D6|Am7,D7"
"Blue Champagne","F6,Ab07|Gm7,C7|F6,Dm7|Db7,C7|Fmaj7,Ab07|Gm7,C7|F6|Gm7,C7"
"Blue Lou","Cm7b5|F7|Cm7b5|F7|Bbmaj7|Ebmaj7|C7,F7|Bbmaj7"
"Blue Moon","Fm7,Bb7|Eb6,Cm7|Fm7,Bb7|Eb6,A7#11|Abm7,Db7|Gbmaj7|Bb/F,F7|Fm7,Bb7"
"Blue Skies","Am|Am/maj7/G#|Am7/G|Am6/F#|Cmaj7,A7|Dm7,G7|C6|Bm7b5,E7b9"
"Blue Turning Grey Over You","Bb6|Em7b5,A7|Dm7b5|G7|C7|F7|Bb6,Ebm7|Bb6,F7"
"Blueberry Hill","Ab|Ab|Eb|Eb|Bb7|Bb7|Eb,Db7|Eb,(Eb7)"
"Body And Soul","Dmaj7,Em7|Dmaj7/F#,,Gm7,C7|F#m7,Bm7,Em7,A7|Dmaj7|Dm7,G7|Em7,Eb07|Dm7,G7|C7,B7,Bb7,"
"Bohemia After Dark","Gm7|Am7b5,D7b9|Gm7|Am7b5,D7b9|Gm7|Am7b5,D7b9|Gm7|Gm7"
"Boo Boo's Birthday","Cmaj7|B7|E7b9|E7b9|F7#11,E7#11|Eb7#11,D7#11|Dbmaj7#11|Db7"
"Boplicity","Gm7,Fmaj7|Gm7,C7|Fmaj7|Cm7,F7#5|Bbmaj7|Gm7/C|Gm7/C,C7sus|Fmaj7#11"
"Boplicity","Gm7,Fmaj7|Gm7,C7|Fmaj7|Cm7,F7#5|Bbmaj7|Gm7/C|Gm7/C,C7sus|Fmaj7#11"
"Born To Be Blue","C7,Db7#11|C7,Gb7#11|F7,Eb7|Abmaj7,G7#5|Cm7,Db7#11|Cm7,F7|Fm7,,Ab7,G7|C6,Db7#11"
"Bossa Antigua","Bbm7|Eb7|Cm7|Fm7|Bbm7|Eb7|Cm7|F7"
"Bossa Antigua","Bbm7|Eb7|Cm7|Fm7|Bbm7|Eb7|Abmaj7|Abmaj7"
"Boulevard Of Broken Dreams, The","Dm,Em7b5|Dm/F,Dm|Em7b5|A7|Em7b5|A7|Dm,Gm|Dm,A7"
"Bouncin' With Bud","Bb6,Cm7|Dm7,Ebm7|Dm7,G7|Cm7,D7|Gm7|C#07|Cm7,F7|Bb6"
"Bourbon Street Parade","Ab|Ab|Ab|Ab|Ab|Ab|Eb7|Eb7"
"Bourbon Street Parade","Ab|Ab|Ab|Ab|Ab|Ab|Db|Db"
"Bright Mississippi","F7|F7|F7|F7|Bb7|Bb7|Bb7|Bb7"
"Bright Size Life","Gmaj7|Gmaj7|Bbmaj7#11/A|Bbmaj7#11/A|D|D/C|Bbmaj7|Bbmaj7"
"Bright Size Life","G/A|G/A|F/G|F/G|A7/E|A7/E|D|D"
"Brilliant Corners","Bb,D7,Db7,|Gb7,F7#11|Bb,Ab7|Gb7,F7#11|Bb,D7,Db7,|Gb7,F7#11|Bb|Bb"
"Broadway","Bbmaj7|Bbmaj7|Eb7|Eb7|Cm7|F7|Bb6|Bb6"
"Brother Can You Spare A Dime","Cm,Cm/Eb|G7/D,C7/E|F7,Bb7|Ebmaj7,A7#11|Ab6,G7|Cm,Bbm7,Eb7,|Ab7,G7|Cm"
"Brotherhood Of Man","Eb7|Eb7|Eb7|Eb7|Eb7|Gm7,C7|F7|Bb7"
"Budo","Abmaj7,(G7)|Cm7,,F7(C7),(F7)|Bbm7,Eb7|Abmaj7,Ab7#5|Db7,D07|Cm7b5/Eb,F7|Bbm7,Eb7|Abmaj7"
"Bunko","Fmaj7,F#07|Gm7,C7b9|Am7,D7#9|Gm7,C7|F6,F7/A|Bbmaj7,B07|F6/C,,G7,C7|F6"
"Bunko","Fmaj7,F#07|Gm7,C7b9|Am7,D7#9|Gm7,C7|F6,F7/A|Bbmaj7,B07|F6/C,,G7,C7|F6"
"But Beautiful","Gmaj7,(C7)|Bm7b5,E7b9|Am7|C#m7b5,F#7b9|Gmaj7,(C7)|Bm7b5,E7b9|A7|A7"
"But Beautiful","Gmaj7,(C7)|Bm7b5,E7b9|Am7|C#m7b5,F#7b9|Gmaj7,(C7)|Bm7b5,E7b9|A7|A7"
"But Not For Me","F7(Ebmaj7),(Cm7)|Bb7(Fm7),(Bb7)|Ebmaj7,Ab7|Gm7,C7|F7|Bb7|Ebmaj7|Bbm7,Eb7"
"But Not For Me","F7(Ebmaj7),(Cm7)|Bb7(Fm7),(Bb7)|Ebmaj7,Ab7|Gm7,C7|F7|Bb7|Ebmaj7|Bbm7,Eb7"
"Bye Bye Blues","C|C|Ab7|Ab7|C|C|A7|A7"
"Bye Bye Blues","C|C|Ab7|Ab7|C|C|A7|A7"
"Bye-Ya","Db7|Ab6|Db7|Ab6|Gb7#11|Ab6|E7,B7#11|Db6,D6,Eb6,"
"Bye-Ya","Db7|Ab6|Db7|Ab6|Gb7#11|Ab6|E7,B7#11|Db6,D6,Eb6,"
"C.T.A.","D7#9|D7#9|G7|G7|C7#9|C7#9|F7|F7"
"Cabin in the Sky","Gmaj7,G#07|Am7,Bb07|Bm7b5|Bb9#11|Am,Am/maj7|Am7,Ab7|G6|G6"
"Call Me Irresponsible","F,F6|F#07|Gm7,Gm6|G#07|Fmaj7/A|A7b13|D7b13|D7b13"
"Can't Help Lovin' Dat Man","Ebmaj7,Cm7|Fm7,Bb7|Ebmaj7,,Bbm7,Eb7|Ab6,Db7|Gm7,Cm7|B7,Bb7|Eb6|Fm7,Bb7"
"Can't We Be Friends","F7|Bb7|Ebmaj7,B7|Cm7,,Gm,Gbm|Fm7|Bb7|Ebmaj7|E07"
"Candy","Ebmaj7|Ebm6|Dm7|Db07|Cm7|F7|Bb6,Eb7|Bb6"
"Catch Me","Dm7|Dm7|Dm7|Dm7|Dm7|Dm7|Dm7|A7#9,Dm7"
"Catch Me","Dm7|Dm7|Dm7|Dm7|Dm7|Dm7|Dm7|A7#9,Dm7"
"Celia","Bbmaj7|Cm7b5|Dm7|Ebm7,Ab7|Dm7,Dbm7|Cm7,B7|Bbmaj7|Bbmaj7"
"Ceora","Abmaj7|Bbm7,Eb7|Abmaj7|Ebm7,Ab7|Dbmaj7|Dm7,G7|Cm7|F7#9"
"Ceora","Abmaj7|Bbm7,Eb7|Abmaj7|Ebm7,Ab7|Dbmaj7|Dm7,G7|Cm7|F7#9"
"Charleston","Bb|D7|G7|G7|C7|F7|Bb,Db07|Cm7,F7"
"Charleston","Bb|D7|G7|G7|C7|F7|Bb,Db07|Cm7,F7"
"Chase, The","Bb6|Bb6|Eb7|Eb7|Bb6|Ebm7,Ab7|Cm7,F7|Bb6"
"Chase, The","Bb6|Bb6|Eb7|Eb7|Bb6|Ebm7,Ab7|Cm7,F7|Bb6"
"Cheers","Bb6|Eb7|Bb6|Gb7|Dm7,G7|Cm7,F7|Bb6|Cm7,F7"
"Cheetah","Bbmaj7|Cm7,C#07|Dm7,G7#9|C7,F7|Bb7|Eb,E07|Bb/F,G7|C7,F7"
"Chelsea Bridge","Bbm/maj7|Abm/maj7|Bbm/maj7,Abm/maj7|Bb7|Ebm7|Ab7|Db6|Db6,C7,B7,"
"Chelsea Bridge","Bbm/maj7|Abm/maj7|Bbm/maj7,Abm/maj7|Bb7|Ebm7|Ab7|Db6|Db6,C7,B7,"
"Chicago","Cmaj7,Dm7|Em7,A7|D7|D7,A7b9|Dm7,G7|Dm7,G7|Bb7,A7|Ab7,G7"
"Close Your Eyes","Fm7b5|Bb7b9|Fm7b5|Bb7b9|Ebm6,Cm7b5|Fm7b5,Bb7b9|Ebm6|Ebm6"
"Come Back To Me","Gm7|C7|Am7b5|D7|Gm7|C7|Fmaj7|Am7,D7"
"Come Sunday","F7|Eb7#11|F7,Gb7|G7|Cm7|F7|Bb,Eb6/Bb|Bb07,Bb6"
"Come Sunday","F7|Eb7#11|F7,Gb7|G7|Cm7|F7|Bb,Eb6/Bb|Bb07,Bb6"
"Comes Love","Gm6|Gm6|D7b13|D7b13|Am7b5|D7b9|Gm6|Am7b5,D7b9"
"Con Alma","Emaj7,G#7/D#|C#m7,B7|Bb7|Ebmaj7,,Ebm7,Ab7|Dbmaj7,F7/C|Bbm7,Ab7|G7|Cmaj7"
"Con Alma","Emaj7,G#7/D#|C#m7,B7|Bb7|Ebmaj7,,Ebm7,Ab7|Dbmaj7,F7/C|Bbm7,Ab7|G7|Cmaj7"
"Confirmation","Cm7|F7|Bbmaj7|Bbmaj7|Ebm7|Ab7|Dbmaj7|Gm7,C7alt"
"Cool One, The","Bm7|E7|Bm7|E7|Am7|D7|Am7|D7"
"Cool One, The","Bm7|E7|Bm7|E7|Am7|D7|Am7|D7"
"Copenhagen","Ebmaj7|Ebm6|Bb|G7|C7|F7|Bb|Bb,Bb7"
"Corcovado","D7/A|D7/A|Ab07|Ab07|Gm7|C7|F07,Fmaj7|Fmaj7"
"Corcovado","D7/A|D7/A|Ab07|Ab07|Gm7|C7|F07,Fmaj7|Fmaj7"
"Cotton Tail","Bb6,Gm7|Cm7,F7|Dm7,G7|Cm7,F7|Bb6,Bb7/D|Eb6,E07|Bb6/F,Gm7|F7,Bb6"
"Could It Be You","Bbmaj7|Cm7,F7|Bbmaj7|Gm7,Gbm7,Fm7,Bb7|Ebmaj7|Fm7,Bb7|Ebmaj7|Gm7,C7"
"Countdown","Em7,F7|Bbmaj7,Db7|Gbmaj7,F7|Bbmaj7,A7|Dmaj7,Bbmaj7|Gbmaj7,Dmaj7|Bbmaj7,Gbmaj7|Dmaj7"
"Crazy He Calls Me","Bbm7,Eb7|Abmaj7,Fm7|Dm7,G7|C6,A7|Dm7,G7|C6,Am7|Dm7,G7|Gm7,C7"
"Crazy He Calls Me","Fmaj7,Gm7|Am7,Gm7|Fmaj7,Bb7#11|Am7,D7|Gm7,C7|Am7,D7|Gm7,C7|F6,C7sus"
"Crazy Rhythm","Cm7|F7|Bbmaj7|Bbmaj7|Bbm7|Eb7|A7#5,D9|G7#5,C9"
"Crepuscule With Nellie","Bb7|Eb7|Ab7,Db7|Gb7|Cm7,F7b9|Bm7,E7,Bbm7,Eb7|Abadd9|Gb7#11"
"Crepuscule With Nellie","Bb7|Eb7|Ab7,Db7|Gb7|Cm7,F7b9|Bm7,E7,Bbm7,Eb7|Abadd9|Gb7#11"
"Cry Me A River","Cm,Cmb6|Cm6,Cm7|Fm7,Bb7|Ebmaj7,G7b9|Gm7b5,C7b9|F9|Fm7,Bb7sus|Eb6,G7b13"
"Cynthia's In Love","Fm7|Bb13,Bb7b9|Eb6,Abm6|Gm9,Gb07|Fm7,B9#5|Bb7sus,Bb7b9|Eb69|Eb69"
"Daahoud","Ebm7,Ab7|Dbm7,Gb7|Bmaj7|Fm7,Bb7|Ebm7(Abm7),(Gb6)|B7(F7),Bb7(Emaj7)|Ebmaj7|Ebmaj7"
"Daahoud","Ebm7,Ab7|Dbm7,Gb7|Bmaj7|Fm7,Bb7|Ebm7(Abm7),(Gb6)|B7(F7),Bb7(Emaj7)|Ebmaj7|Ebmaj7(Abm7),(Db7)"
"Dancing On The Ceiling","Fmaj7|Cm7,F7|Bb6,B07|Fmaj7/C,D7|Gm7|C7|F6|Gm7,C7"
"Darn That Dream","G6,,Bbm7,Eb7|Am7,B7#11|Em,Em/D,A7/C#,Cm7|Bm7b5,E7|Am7,F7|Bm7,Bbm7|Am7,D7|G6,,Am7,D7"
"Dat Dere","Cm7,Cm7/Bb|Am7b5,Abmaj7|Am7b5,D7#9|Dm7b5,G7b9|Cm7,Cm7/Bb|Am7b5,Abmaj7|Dm7b5,G7b13|Cm7(Fm6),G7b13(Cm7)"
"Day By Day","Am7|Am7(D7)|Am7(D7)|D7|Gmaj7|C7|Bm7|E9#5"
"Day By Day","Am7|Am7(D7)|Am7(D7)|D7|Gmaj7|C7|Bm7b5|E7b9"
"Day Dream","Fmaj7,F7/A|Bb7#5,A7b13|Dm7,F7/C|Bbm6,C7b13|Fm7,Fm7/Eb|Db7,C7|Fmaj7|Fmaj7"
"Day Dreaming","Bbmaj7,Cm7|Dm7,C#07|Cm7,D07|Cm7,F7#9|Bbmaj7,Ebmaj7|D7#11,Ab9|G7b9|Cm7,F7"
"Daybreak","Ebmaj7|Bb7|Ebmaj7|C7|Fm7|Bb7|Abmaj7|B7,Bb7"
"Daybreak","Ebmaj7|Bb7|Ebmaj7|C7|Fm7|Bb7|Abmaj7|B7,Bb7"
"Days And Nights Waiting","Cm7|F7|Bbmaj7|A7|F#m7|Bm7|Em7,A7|Dmaj7"
"Days And Nights Waiting","Cm7|F7|Bbmaj7|A7|F#m7|Bm7|Em7,A7|Dmaj7"
"Days Of Wine And Roses","Fmaj7|Eb7#11|Am7(D7)|D7b13|Gm7|Gm7|Eb7#11|Eb7#11"
"Days Of Wine And Roses","Fmaj7|Eb7#11|Am7(D7)|D7b13|Gm7|Gm7|Eb9|Eb9"
"Dearly Beloved","Dm7|G7|Dm7|G7|Dm7|G7|Dm7|G7"
"Dearly Beloved","Dm7|G7|Dm7|G7|Dm7|G7|Dm7|G7"
"Dedicated To You","Dmaj7|Bm7,E7b9|Em7,A7|Dmaj7,,Gm7,C7|Fmaj7,D7b9|Gm7,C7b9|Cm7|F7#5(F#m7),(B7)"
"Deed I Do","C6|Gm7,C7|Fmaj7|Bb7|Em7,A7|Dm7,G7|C6|Dm7,G7"
"Dewey Square","Ebmaj7|Abm7|Eb7,Db7|C7|F7|Fm7,Bb7|Ebmaj7,C7|Fm7,Bb7"
"Dexterity","Bbmaj7,G7|Cm7,F7|Dm7,G7|Cm7,F7|Fm7,Bb7|Ebmaj7,Ab7|Cm7,F7|Bb6"
"Diane","Fm7|Bb7|Ebmaj7,Ebmaj7/D|Cm7|Fm7|Bb7|Ebmaj7,Ab7|Gm7,C7"
"Diane","Fm7|Bb7|Ebmaj7,Ebmaj7/D|Cm7|Fm7|Bb7|Ebmaj7,Ab7|Gm7,C7"
"Dig","F7|F7|F7|F7|Bb7|Bb7|Bb7|Bb7"
"Dinah","Em|Em/D#|Em/D|A7/C#|Em7|A7|Am7|D7"
"Dindi","Ebmaj7|Dbmaj7|Ebmaj7|Dbmaj7|Cmaj7|Am9|Dm9|G13"
"Dindi","Gm|Ebm6|Gm,Ebm6|Gm7,C7b9|Fm|C#m6|Fm,C#m6|Fm7,Bb7b9"
"Diverse","Bbm6|Cm7b5,F7b9|Bbm6|Cm7b5,F7b9|Bbm6|Cm7b5,F7b9|Bbm6|Cm7b5,F7b9"
"Do It Again","F6|F6|F6|F6|F6,Faug|F,Dm|G7|G7"
"Do Nothin' Til You Hear From Me","Gbmaj7|Gbmaj7|Gbmaj7|Gb7|Bbmaj7|Dm7,G7|C7|F7"
"Do You Know What It Means?","Cmaj7,G7#5|Cmaj7,Am7|Em7,Am7|D7|F6,F#07|C6/G,A7b9|Dm7,G7|C6"
"Dolores","Dm7|Fm7,Bb7|Ebmaj7|Am7,D7|Gm7|Am7b5,D7#9|Dbmaj7|Dbmaj7"
"Dolores","Dm7|Fm7,Bb7|Ebmaj7|Am7,D7|Gm7|Am7b5,D7#9|Dbmaj7|Dbmaj7"
"Don't Be That Way","Db6,Bbm7|Ebm7,Ab7#5|Db6,Bbm7|Ebm7,Ab7#5|Fm7,Bb7|Ebm7,Ab7#5|Db6,Bbm7|Ebm7,Ab7#5"
"Don't Blame Me","Cmaj7,Em7b5|A7b13|Dm7b5,G13b9|Cmaj7,Am7|Dm7b5,G13b9|Em7b5,A7b13|Dm7,G7|C6,G7"
"Don't Explain","Dm|Em7b5,A7b9|Dm|Em7b5,A7b9|Eb7#11|Db7#11,,Gm7,C7|Fmaj7|Em7b5,A7b9"
"Don't Explain","Dm|Em7b5,A7b9|Dm|Em7b5,A7b9|Eb7#11|Db7#11,,Gm7,C7|Fmaj7|Em7b5,A7b9"
"Don't Fence Me In","F,Fmaj7|F6,Fmaj7|F6,D7b13|Gm7,C7|Gm7,C7|Gm7,C7|Gm7,C7|F6"
"Don't Get Around Much Anymore","C6|C6|A7|A7|D7|G7|C6|G7"
"Don't Go To Strangers","Bbmaj7|Eb7#11|Bbmaj7|Dm7,G7b9|Cm7b5|F7b9|Bb6,F7|Bb6"
"Don't Know Why","Gm7|C7|F7|F7|Gm7|C7|F7,F7/Eb|Bb/D,F7/C"
"Don't Misunderstand","Fmaj7|E7sus,E7alt|Ebmaj7|D7sus,D7b9|G7|C7|F6|Gm7,C7"
"Don't Take Your Love From Me","Cmaj7,Dm7|Em7,Eb07|G7/D,G7|Dm7,G7|Dm7|G7|Cmaj7|Cmaj7"
"Don't Take Your Love From Me","Cmaj7,Dm7|Em7,Eb07|G7/D,G7|Dm7,G7|Dm7|G7|C6,Dm7|D#07,,C6/E,C7"
"Down For Double","Bb6,G7|C7,F7|Bb6,G7|C7,F7|Bb6,G7|C7,F7|Bb6,(Cm7)|Bb6(Db07),(Bb6)"
"Dream","Bb|Bb|Em7|A7|Bb6|Bb6|Dm7|G7"
"Dream","Bb|Bb|Em7|A7|Bb6|Bb6|Dm7|G7"
"Dream A Little Dream Of Me","G6|Eb7,D7|G6|E7b9|Am7|Cm6,F9|Gmaj7,,Eb7,D7|G6,D7"
"Dreamsville","Cmaj7|Gm7/C|Cmaj7|Gm7,F#7|Cm7/F,F7|Dm7,Ebm7|Dm7,Db7#11|Cmaj7"
"Driftin'","Eb7,G7|Ab7,G7|Cm7,Bbm7|Am7b5,Ab7|Gm7|C7|Fm7,Bb7|Eb,Bb7"
"Duke, The","Cmaj7,Fmaj7|Em7/G,Am7,B7,|Em7,Am7|Dm7,,Fm7,Bb7|Ebmaj7,Dbmaj7|Cm7,Bm7|Bbm7,Eb7,Abmaj7,|D7,Db7,Cmaj7,"
"Duke, The","Cmaj7,Fmaj7|Em7/G,Am7,B7,|Em7,Am7|Dm7,,Fm7,Bb7|Ebmaj7,Dbmaj7|Cm7,Bm7|Bbm7,Eb7,Abmaj7,|D7,Db7,Cmaj7,"
"Early Autumn","Dm7,G7|Cmaj7/E,Eb07|Dm7,G7|Cmaj7|Cm7,F7|Bbmaj7,Eb7|D,Db7,C7,B7|Bb7,A,Ab7,G7"
"Early Autumn","Cmaj7|B7b9|Bbmaj7|A7#9|Abmaj7|G7#9|C6,Am7|Dm7,G7"
"East Of The Sun","Am7|D7|F#m7b5,B7b13|Em7|Em7|A7|Am7|D7"
"East St. Louis Toodle-oo","Cm,Cm/Eb|Fm6/D,Fm6|Cm/Eb,Cm/G|Fm6,Fm6/Ab|Cm/G,Cm/Eb|Fm6,G7b9/D|Cm,Ab7|G7b9"
"East St. Louis Toodle-oo","Cm,Cm/Eb|Fm6/D,Fm6|Cm/Eb,Cm/G|Fm6,Fm6/Ab|Cm/G,Cm/Eb|Fm6,G7b9/D|Cm,B07|Bbm7,Eb7"
"East St. Louis Toodle-oo","Cm,Cm/Eb|Fm6/D,Fm6|Cm/Eb,Cm/G|Fm6,Fm6/Ab|Cm/G,Cm/Eb|Fm6,G7b9/D|Cm|G7b9"
"Easter Parade","Bbmaj7,F7|Bb7|Ebmaj7|Cm7,C#07|Bbmaj7,F7|Bbmaj7,Gm7|C7,F7|Bb6,,Cm7,F7"
"Easy Does It","C6,Am7|Dm7,G7|C6,Am7|Dm7,G7|C6,Am7|Dm7,G7|C6,Eb07|Dm7,C7"
"Easy Does It","C6,Am7|Dm7,G7|C6,Am7|Dm7,G7|C6,Am7|Dm7,G7|C6,G7|C6"
"Easy Living","Fmaj7,F#07|Gm7,G#07|Fmaj7/A,,Cm7,F7|Bbmaj7,Eb7|Fmaj7,Dm7|Gm7,C7|Fmaj7,Dm7|Gm7,C7"
"Easy Street","Ebmaj7,C7|Fm7,G7b13|Cm7,,Bbm7,Eb7|Abm7,Bb7|Gm7,C7|B7,Bb7#5|Ebmaj7,Ab7|Eb6,,Fm7,Bb7"
"Easy To Love","Am7|Bm7b5,E7b9|Am7|D7|Gmaj7|C7|Bm7|E7b9"
"Easy To Love","Am7|Bm7b5,E7b9|Am7|D7|Gmaj7|C7|Bm7|E7b9"
"Eclypso","Fm7,Bb7|Ebmaj7,Cm7|Fm7,Bb7|Ebmaj7,Gm7|Fm7,Bb7|Gm7,Cm7|Fm7,Bb7|Ebmaj7,C7"
"Eiderdown","B7alt|B7alt|Em7|Em7|Cm7|Cm7|Gm7|Gm7"
"Eiderdown","B7alt|B7alt|Em7|Em7|Cm7|Cm7|Gm7|Gm7"
"El Cajon","D7,(Ab7)|G7|C7|C7|Cm7,(Gb7)|F7|Bb7sus|Bb7"
"El Cajon","D7,(Ab7)|G7|C7|C7|Cm7,(Gb7)|F7|Bb7sus|Bb7"
"Elora","Cm7|F7|Bbmaj7,Ebmaj7|Dm7,Db7|Cm7,G7b9|Cm7,F7|Bbmaj7|Dm7b5,Db7"
"Embraceable You","Gmaj7|Bb07|Am7|D7|Am7|Cm6|Gmaj7|F#m7b5,B7b9"
"Embraceable You","Gmaj7|Bb07|Am7|D7|Am7|Cm6|Gmaj7|Dm7,G7"
"End Of A Love Affair, The","Gm7,C7|Fmaj7|Fm7,Bb7|Ebmaj7|Ebm7,Ab7|Ebm7,Ab7|Dbmaj7,,Gm7,C7|Fmaj7"
"End Of A Love Affair, The","Gm7,C7|Fmaj7|Fm7,Bb7|Ebmaj7|Ebm7,Ab7|Ebm7,Ab7|Dbmaj7,,Gm7,C7|Cm7,F7"
"Epistrophy","Db7,D7|Db7,D7|Db7,D7|Db7,D7|Eb7,E7|Eb7,E7|Eb7,E7|Eb7,E7"
"Eronel","Gmaj7,Gmaj7/A|Bm7,E7b5|Bbm/maj7|Bbm/maj7,Eb7#11|Am7|Cm7,F7|Am7,Ab7|Gmaj7"
"Eternal Triangle","Bbmaj7,Gm7|Cm7,F7|Dm7,G7|Cm7,F7|Fm7,Bbm7|Eb7,Ab7|Dm7,G7|Cm7,F7,Bbmaj7,"
"Every Time We Say Goodbye","Ebmaj7,Fm7|Gm7,Abmaj7|Gm7,C7|Fm7,Bb7|Gm7,Gb7|Bmaj7,Emaj7#11|Bbm7,Eb7|Abm7,Db7"
"Every Time We Say Goodbye","Ebmaj7,Fm7|Gm7,Abmaj7|Gm7,C7|Fm7,Bb7|Gm7,Gb7|Bmaj7,Emaj7#11|Bbm7,Eb7|Abm7,Db7"
"Everything Happens To Me","Cm7,F7|Dm7,Db07|Cm7,F7|Dm7b5,G7|B07,Cm7,Ebm7,Ab7|Dm7,G7|Cm7,F7|Bb6"
"Everything I Have Is Yours","Cmaj7|Ebm7,Ab7|Dm7,G7|Dm7,G7#5|Cmaj7|Ebm7,Ab7|Dm7,G7|Bm7b5,E7b9"
"Everything I Have Is Yours","Cmaj7|Ebm7,Ab7|Dm7,G7|Dm7,G7#5|Cmaj7|Gm7,C7|Fmaj7|Bm7b5,E7b9"
"Evidence","Ebmaj7|Gm7,C7b5b9|Fm7|Bb7b5b9|A7|Abm7,Db7|Fm7|F7#9#11"
"Evidence","Ebmaj7|Gm7,C7b5b9|Fm7|Bb7b5b9|A7|Abm7,Db7|Fm7|F7#9#11"
"Exactly Like You","C6|C6|D7|D7|G7|G7|C6|Dm7,G7"
"Fee-Fi-Fo-Fum","Eb7,D7#9|Gm7,Abmaj7|Bmaj7,D7|Dm7,G7|Eb7,D7#9|Gm7,Abmaj7|C7(Gb7),F7|Bb7"
"Fee-Fi-Fo-Fum","Eb7,D7#9|Gm7,Abmaj7|Bmaj7,D7|Dm7,G7|Eb7,D7#9|Dbmaj7,C7|Bmaj7|Bmaj7"
"Feel Like Makin' Love","Fm7|Bb7sus|Ebmaj7|Db7,C7|Fm7|Bb7sus|Ebmaj7|A7#11"
"Flamingo","Fmaj7,Dm7|Gm7,C7|Fm7|Bb7|Db7|Gm7,C7|Fmaj7,D7|Gm7,C7"
"Flat Foot Floogee","F6,Dm7|Gm7,C7|F6,Dm7|Gm7,C7|F6,F7/A|Bb,B07|F/C,C7|F6,C7"
"Flintstones","Bbmaj7,G7|Cm7,F7|Bbmaj7,G7|Cm7,F7|Bb7|Eb7,Ab7|Bb6|Cm7,F7"
"Flying Home","Eb,Eb/Db|Cm7,,B7,Bb7|Eb,Eb/Db|Cm7,,B7,Bb7|Eb,Eb/Db|Cm7,,B7,Bb7|Eb6|Bb7"
"Fools Rush In","Dm7|G7|Cmaj7|Am7|Dm7|G7|Cmaj7|A7b9"
"Fools Rush In","Dm7|G7|Cmaj7|Am7|Dm7|G7|Em7b5|A7b9"
"For Heaven's Sake","Bbm7,Eb7|Am7,Dm7|Gm7b5,C7b9|Fmaj7,F7|Bbm7,Eb7|Am7,D7|Gm7,C7sus|F6"
"For Heaven's Sake","Bbm7,Eb7|Am7,Dm7|Gm7b5,C7b9|Fmaj7,F7|Bbm7,Eb7|Am7,D7|Gm7,C7sus|F6"
"For Once In My Life","Gm,Gm/F#|Fm7,Bb7#5|Eb6,Gm7|Cm7,F7|Dm7|Gm7|C7|F7#5"
"For Sentimental Reasons","Fmaj7,Dm7|Gm7,C7|Fmaj7,Dm7|Gm7,C7|F6,Dm7|Gm7,C7|F6,D7|Gm7,C7"
"Forever Sonny","Gm7|Em7b5,Eb7|Dm7,Gm7|Cm7,F7#5|Bb7|Eb7,Ab7|Cm7,F7|Bbmaj7,D7#9"
"Four","Ebmaj7|Ebmaj7|Ebm7|Ab7|Fm7|Fm7|Abm7|Db7"
"Four","Ebmaj7|Ebmaj7|Ebm7|Ab7|Fm7|Fm7|Abm7|Db7"
"Four Brothers","Bb7|Bbm7,Eb7#5|Abmaj7|F7|Bbm7|Cm7,F7|Bbm7,Eb7|Ab6"
"Four In One","Eb6|G7|C7|C7|F7|Bb7|Eb6|Eb6(Fm7),(Bb7)"
"Four In One","Eb6|G7|C7|C7|F7|Bb7|Eb6|Eb6(Fm7),(Bb7)"
"Fran Dance","Bb7|Ab7|G7sus|C7|F7|F7|Cm7,F7|Bb6"
"Fran Dance","Bb7|Ab7|G7sus|C7|F7|F7|Cm7,F7|Bb6"
"Frenesi","Bbm7,Eb7|Bbm7,Eb7|Bbm7,Eb7|Bbm7,Eb7|Abmaj7|Bbm7,Eb7|Abmaj7|Abmaj7"
"Frenesi","Bbm7,Eb7|Bbm7,Eb7|Bbm7,Eb7|Bbm7,Eb7|Abmaj7|Bbm7,Eb7|Abmaj7|Abmaj7"
"Frim Fram Sauce, The","Bb6|Bb6|C7|C7|Eb6,E07|Bb/F,G7|C7,F7|Bb6,F7"
"Gallop's Gallop","D7sus,D7|Bbm7,Eb7|Abmaj7,Bb7|Bbm7,Eb7|Bbm7b5,Eb7|Abmaj7,Bbm7b5|Bm7,E7|Bbm7,Eb7"
"Gallop's Gallop","D7sus,D7|Bbm7,Eb7|Abmaj7,Bb7|Bbm7,Eb7|Bbm7b5,Eb7|Abmaj7,Cm7b5|B7,E,A7,|Abmaj7"
"Gee Baby, Ain't I Good To You","C7,Ab7|G7,C7|F7,Bb7|Eb6,G7|C7,Ab7|G7,C7|F7,Bb7|Eb6,Eb7"
"Georgia On My Mind","Fmaj7|Em7b5,A7b9|Dm,Dm/C|G/B,,Bbm7,Eb7|Am7,D7|Gm7,C7|F6|Gm7,C7"
"Get Happy","F6,Dm7|Gm7,C7|Am7,D7|Gm7,C7|F6,F7/A|Bb6,B07|F6/C,C7|F6,F7"
"Get Happy","Bb6,Gm7|Cm7,F7|Dm7,G7|Cm7,F7|Bb6,Bb7/D|Eb6,E07|Bb6/F,F7|Bb6"
"Get Happy","F6,Dm7|Gm7,C7|Am7,D7|Gm7,C7|F6,F7/A|Bb6,B07|F6/C,C7|F6,C7"
"Give Me The Simple Life","Fm7,Bb7|Gm7,C7|Dm7b5,G7b13|Cm7,Cm7/Bb|Am7b5,Abm6|Eb6/G,Gb07|Fm7,Bb7|Eb6,C7"
"Glad To Be Unhappy","Gm7|Eb7|C7|C7|Gm7|Eb7|C7|F6,F7"
"Glory Of Love, The","Gmaj7,Em7|Am7,D7|Gmaj7,G7|Cmaj7,Cm6|Bm7,Em7|Am7,D7|G6|Am7,D7"
"God Bless The Child","Eb,Eb7,Ab6,|Eb,Eb7,Ab6,|Bbm7,Eb7|Bbm7,Eb7|Abmaj7|Abm6|Gm7,C7b9|Fm7,Bb7"
"Godchild","Abmaj7|Bbm7,B07|Ebm7,Ab7|Dbm7,Gb7|Cm7,Bm7|Bbm7,Eb7|Abmaj7|Bbm7,Eb7"
"Golden Earring","Cm,G7/D|Cm/Eb,Cm7|Am7b5,Ab7|Dm7b5,G7b9|Cm,D7|G7,Ab7|G7b9|Cm"
"Golden Earring","Cm,G7/D|Cm/Eb,Cm7|Am7b5,Ab7|G7b9|Cm,D7|G7,Ab7|G7b9|Cm"
"Good Bait","Bb6,Gm7|Cm7,F7|Bb6,Gm7|Cm7,F7|Bbmaj7,Bb7|Ebmaj7,Ab7|Dm,Db7,Cm,B7|Bb6,F7alt"
"Good Morning Heartache","Cm,Cmb6|Cm6,Cm7|Fmaj7,Bbmaj7|Am7b5,D7b9|Gm7,Bbm/maj7|Am7,Abm7|Gm7,C7#9|F6"
"Good Morning Heartache","Cm,Cmb6|Cm6,Cm7|Fmaj7,Bbmaj7|Am7b5,D7b9|Gm7,Bbm/maj7|Am7,Abm7|Gm7,C7#9|F6"
"Green Chimneys","Abm|Abm|Abm|Abm|Abm|Abm|Abm|Abm"
"Green Chimneys","Abm|Abm|Abm|Abm|Abm|Abm|Abm|Abm"
"Hackensack","F6|Bb7|F6|Am7,D7|Gm7|C7|F6|C7"
"Hallucinations","F6,Bb7|A7,D7|G7,C7|F6,F7|Bb7,B07|F7/C,D7|Gm7,C7|F6"
"Happiness Is A Thing Called Joe","F6,Gm7|Am7,Gm7|F6,Gm7|Am7,Gm7|F6,Gm7|Am7,D7|Gm7|C7"
"Happiness Is A Thing Called Joe","F6,Gm7|Am7,Gm7|F6,Gm7|Am7,Gm7|F6,Db7|Cm7,F7|Bbmaj7|Bbmaj7"
"Happy Little Sunbeam","Gm7|C7|F6|F6,Abm7|Gm7|C7|Cm7|F7"
"Happy Little Sunbeam","Gm7|C7|F6|F6,Abm7|Gm7|C7|Am7|D7"
"Haunted Heart","Eb6,Cm7|Fm7,Bb7|Eb6,Cm7|Fm7,Bb7|Eb6,Abmaj7|Gm7,C7b13|Fm7|Bb7"
"Haunted Heart","Eb6,Cm7|Fm7,Bb7|Eb6,Cm7|Fm7,Bb7|Eb6,Abmaj7|Gm7,C7b13|Bbm7|Eb7"
"Have You Met Miss Jones?","Fmaj7,Bb7|Am7,D7|Gm7|C7|Am7,D7|Gm7,C7|F6|Gm7,C7"
"He's A Tramp","Am7,D7|Am7,D7|Am7,D7|Am7,D7|Gmaj7,Gb7|F7,E7|A7,D7|G6"
"He's A Tramp","Am7,D7|Am7,D7|Am7,D7|Am7,D7|Gmaj7,Gb7|F7,E7|A7,D7|G6"
"Heat Wave","Gmaj7,Am7|Bm7,Am7|Gmaj7,Am7|Bm7,Am7|Gmaj7,G7|Cmaj7,F7|Em7,A7|D7,G6,G6,"
"Heat Wave","Gmaj7,Am7|Bm7,Am7|Gmaj7,Am7|Bm7,Am7|Gmaj7,G7|Cmaj7,F7|Em7,A7|D7,G6,G6,"
"Heaven","Bbmaj7|Bbmaj7|G7b5|G7b5|C7#11|C7#11|F7#5|F7#5"
"Hello","Am7,,Bm7,E7|Am7,D7|Gmaj7,C7|Bm7,Em7|Am7,Bm7|Am7,D7|Gmaj7,Cm6|Bm7,E7"
"Here's That Rainy Day","Gm(Gmaj7),Gm/maj7/F#|Fm6(Bb7),Bb7|Ebmaj7|Abmaj7|Am7|D7|Gmaj7|Dm7,G7"
"Here's That Rainy Day","Gm(Gmaj7),Gm/maj7/F#|Fm6(Bb7),Bb7|Ebmaj7|Abmaj7|Am7|D7|Gmaj7|Dm7,G7"
"Here's To Life","Fm7|Bb7sus,Bb9|Ebmaj7|Abmaj9|Dm7b5|G7b9#5|Cm7|Cm7"
"Here's To Life","Fm7|Bb7sus,Bb9|Ebmaj7|Abmaj9|Dm7b5|G7b9#5|Cmaj7|Cmaj7"
"Here's To My Lady","Ebmaj7,Fm7|Gm7,Db7|Cm7,B7#9|Bbm7,Eb7|Abmaj7,Gm7|Fm7,Fm7/Eb|Dm7b5|Db7#11"
"Hey There","Eb6,Cm7|Fm7,Bb7|Eb6,Cm7|Fm7,Bb7|C7|Fm7,Bb7|Ebmaj7,Cm7|Am7,D7"
"Hey There","Eb6,Cm7|Fm7,Bb7|Eb6,Cm7|Fm7,Bb7|C7|Fm7,Bb7|Bbm7|Eb7"
"High Fly","Dm7|G7|Cmaj7,F7|Em7,A7|Cm7|F7|Bb7|B7"
"Hocus-Pocus","Fmaj7|Gm7,C7|Fmaj7|Bm7b5,E7b9|Am7,Ab7|Gm7,Gb7|Fmaj7,Ab7|Dbmaj7,Gb7"
"Home At Last","Bbmaj7|Bbmaj7|Am7b5|D7#9|Gm7|Gm7|Fm7|Bb7"
"Home Cookin'","F6,Gm7|Am7,Dm7|Gm7,Am7|Bbm7,Eb7|Am7,D7|Gm7,C7|Gm7,C7|F6"
"Honeysuckle Rose","Gm7,C7|Gm7,C7|Gm7,C7|Gm7,C7|F6,F7/A|Bb6,C7|F6,Bb7|Am7,D7"
"Hot House","Cm7|F7b9|Bbmaj7|Bbmaj7|Ab7b9|Ab7b9|G7b9|G7b9"
"House Of Jade","Dm7b5,Dbmaj7|Cm7,Db7#11|Eb7,F7|Db7,Cm7|Dm7b5,Dbmaj7|Cm7,F7|Eb7,D9sus|Db7,Cm7"
"House Of Jade","Dm7b5,Dbmaj7|Cm7,Db7#11|Eb7,F7|Db7,Cm7|Dm7b5,Dbmaj7|Cm7,F7|Eb7,D9sus|Db7,Cm7"
"How Are Things In Glocca Morra","Fmaj7|Am7,D7#9|Gm7|C7|Gm7,C7|Gm7,C7|F6|Gm7,C7sus"
"How Deep Is The Ocean","Cm7|Dm7b5,G7b9|Cm7|Am7b5,D7b9|Gm7|Am7b5,D7b9|Gm7,Gb7|Fm7,Bb7"
"How Deep Is The Ocean","Cm7|Dm7b5,G7b9|Cm7|Am7b5,D7b9|Gm7|Am7b5,D7b9|Gm7,Gb7|Fm7,Bb7"
"How High The Moon","Gmaj7|Gmaj7|Gm7|C7|Fmaj7|Fmaj7|Fm7|Bb7"
"How High The Moon","Gmaj7|Gmaj7|Gm7|C7|Fmaj7|Fmaj7|Fm7|Bb7"
"How Little We Know","Fmaj7|Fmaj7|Gm7|C7|Fmaj7|Fmaj7|Bbm7|Eb7"
"How Little We Know","Fmaj7|Fmaj7|Gm7|C7|Fmaj7|Fmaj7|Bbm7|Eb7"
"How Long Has This Been Going On?","C7|C07|C7,F7|Bb7,Eb7|Fmaj7,Ab07|Gm7,,C7,F7|Bbmaj7,C7b13|F6"
"Hungaria","G69|G69|Ab69|Ab69|G69|G69|E7|E7"
"Hungaria","G69|G69|Ab69|Ab69|G69|G69|E7|E7"
"I Ain't Got Nobody","G7|G7,F#7,F7,E7|A7|A7|G/D,Em|Am7,D7|G6,Em7|Am7,D7"
"I Ain't Got Nobody","G7|G7,F#7,F7,E7|A7|A7|A7|A7|D7|D7"
"I Ain't Got Nobody","G7|G7,F#7,F7,E7|A7|A7|G/D,Em|Am7,D7|G6|Am7,D7"
"I Can't Believe That You're In Love With Me","F6|Bb7|Cmaj7|D7|G7|G7|Cmaj7|Gm7,C7"
"I Can't Believe That You're In Love With Me","F6|Bb7|Cmaj7|D7|G7|G7|C6,F7|C6"
"I Can't Believe That You're In Love With Me","F6|Bb7|Cmaj7|D7|G7|G7|Cmaj7|Gm7,C7"
"I Can't Get Started","Cmaj7,Am7|Dm7,G7|Bm7,E7,Bbm7,Eb7|Am7,D7,Abm7,Db7|Cmaj7,A7#5|Dm7,G7|C6,A7|D7,G7"
"I Can't Give You Anything But Love","Fmaj7,C7|Am7,Ab07|Gm7|C7|Fmaj7,C7|Am7,Ab07|Gm7|C7"
"I Can't Give You Anything But Love","Fmaj7,C7|Am7,Ab07|Gm7|C7|Cm7|F7|Bbmaj7|Bbmaj7"
"I Could Have Danced All Night","C|Cmaj7|Cmaj7|C6|Cmaj7|A7|Dm7|G7"
"I Could Write A Book","Cmaj7,Am7|Dm7,G7|Cmaj7,Am7|Dm7,G7|Cmaj7,Dm7|Em7,A7#9|Dm7|Bm7b5,E7b9"
"I Could Write A Book","Cmaj7,Am7|Dm7,G7|Cmaj7,Am7|Dm7,G7|Cmaj7,Dm7|Em7,A7#9|Dm7|Bm7b5,E7b9"
"I Cover The Waterfront","Em7,A7|Am7,D7|Gmaj7,Cmaj7|Bm7,Bb07|Am7|D7sus,D7|Gmaj7|Bm7b5,E7b9"
"I Cover The Waterfront","Em7,A7|Am7,D7|Gmaj7,Cmaj7|Bm7,Bb07|Am7|D7sus,D7|Gmaj7|Bm7b5,E7b9"
"I Cried For You","Fmaj7|Am7,D7|Dm7/G|G7|Gm7|C7|F6|Gm7,C7"
"I Didn't Know About You","Gm7,C7|Fmaj7,F6|Bb7,A7|Eb9,D7b9|G7#11|Gm7,C7|F6,Gm7|Am7,D7b9"
"I Don't Know Enough About You","D7|G7|C7,B7|Bb7,A7|D7|Em7,A7|D7,G7|C6"
"I Found A New Baby","Dm7|Em7b5,A7|Dm7|D7|G7|C7|Fmaj7|Fmaj7"
"I Got It Bad","G0,Gmaj7|B7b13,Em7|A7,Em7|A7|Am7|B7,E7,A7,D7|G6,Em7|Am7,D7"
"I Got Rhythm","Bb6,Gm7|Cm7,F7|Dm7,Gm7|Cm7,F7|Bb7,Bb7/D|Eb7,E07|Bb6/F,F7|Bb6,F7"
"I Got The Sun In The Morning","C7b5/Gb,F6|C7b5/Gb,F6|C7b5/Gb,F6|F6,F7|Bbmaj7,Eb9|Gm7,F6|Bbmaj7,Eb9|Gm7,F6"
"I Guess I'll Hang My Tears Out To Dry","Em7,Ebm7|Dm7,G7|Cmaj7,Am7|Dm7(Bm7b5),G7(E7)|Gm7,C7|Fmaj7,Bb7|Em7,A7,Dm7,G7|C6,G7"
"I Hadn't Anyone Till You","Gm7,C7|Gm7,C7|F6,Gm7|Am7,D7|Am7,D7|Am7,D7|G7|G7"
"I Hadn't Anyone Till You","Gm7,C7|Gm7,C7|F6,Gm7|Am7,D7|Am7,D7|Am7,D7|G7|G7"
"I Have Dreamed","F6|Gm7/F|F|Gm7/F|F6|Gm7/F|Gm7/C|C9"
"I Hear A Rhapsody","Cm7,(Gb7#11)|Fm7,Bb7|Ebmaj7,Ab7|Gm7b5,C7b9|Fm7(Fm7b5),Abm7|Bm7(Bb7b9),Bb7|Ebmaj7|Dm7b5,G9#5"
"I Hear Music","Am7b5,D7#5|G9,C7|Am7b5,D7#5|G9,C7|F7,Bb6|F7,Bb6|C7,F|C7,F"
"I Left My Heart In San Francisco","C6,G7|Em7,Eb07|Dm7|G7|Dm,Dm/maj7|Dm7,G7|Cmaj7,G7|Cmaj7,,Dm7,D#0"
"I Let A Song Go Out Of My Heart","Eb6,Ab7|Ebmaj7,Cm7|Gm7,C7|Gm7,C7|Fm/Ab,Gm7,Fm7,F#0|Ebmaj7/G,Ab7|Ebmaj7/Bb,Bb7|Eb6,Bb7"
"I Like The Likes Of You","Ebmaj7,Cm7|Fm7,Bb7|Ebmaj7,Cm7|Fm7,Bb7|Ebmaj7,Cm7|F7,Bb7|Eb6|Fm7,Bb7"
"I Loves You Porgy","Fmaj7,,Cm7,F7|Bbmaj7,Dm7/A|Gm7,C7sus|Fmaj7,A7b13|Dm7|G7|Gm7,C7sus|F6,C7sus"
"I Mean You","F6|F6|Db7|D7|Gm7|C7|F6|F6"
"I Mean You","F6|F6|Db7|D7|Gm7|C7|F6|F6"
"I Remember Clifford","Ebmaj7,G7|Abmaj7,A07|Bb7,B07|Cm7,Cm7/Bb|Am7b5,D7b9|Gm7b5,C7b9|Fm7,Bb7alt|Eb6,,Fm7,Bb7"
"I See Your Face Before Me","Ebmaj7,Fm7|Gm7,Fm7|Ebmaj7,C7|Fm7,Bb7|Fm,Fm/maj7|Fm7,Bb7|Fm7,Bb7sus|Ebmaj7"
"I See Your Face Before Me","Ebmaj7,Fm7|Gm7,Fm7|Ebmaj7,C7|Fm7,Bb7|Fm,Fm/maj7|Fm7,Bb7|Fm7,Bb7sus|Ebmaj7,,Bbm7,Eb7"
"I Should Care","Dm7,G7|Em7,A7|Dm7,G7|Cmaj7|Em7b5|A7b9|Dm7|Fm7,Bb7"
"I Should Care","F#m7b5(Dm7),B7b9(G7)|Em7,A7|Dm7,G7|Cmaj7|Em7b5|A7b9|Dm7|Fm7,Bb7"
"I Surrender Dear","Dm7,F7|Em7b5,A7b9|Dm7,E7|Am7,D7|Cmaj7,Am7|D7|Dm7,G7|Cmaj7,A7"
"I Think Of You","Ab|G07/A|Ab|Ab07,G07/Ab|Ab6|F7b9|Bbm7|Eb7"
"I Thought About You","Bm7b5(Fmaj7),Bb7#11|A7,D7b13|G7,Ab7|G7|Gm7,Gm7/F|Em7b5,A7b9|Dm7,Db7|Cm7,F7"
"I Thought About You","Bm7b5(Fmaj7),Bb7#11|A7,D7b13|G7,Ab7|G7|Gm7,Gm7/F|Em7b5,A7b9|Dm7,Db7|Cm7,F7"
"I Want To Be Happy","Cmaj7,F7|Em7,A7|Dm7|G7|Dm7|G7|C6,Am7|Dm7,G7"
"I Want To Talk About You","Ebmaj7|Bbm7,Eb7|Abmaj7|Abm7,Db7|Gm7,C7|Fm7,Bb7|Db7,C7|B7,Bb7"
"I Want To Talk About You","Ebmaj7|Bbm7,Eb7|Abmaj7|Abm7,Db7|Gm7,C7|Fm7,Bb7|Eb,Ab,Eb/G,Fm|Eb,Fm,Eb/G,Ab"
"I Want To Talk About You","Ebmaj7|Bbm7,Eb7|Abmaj7|Abm7,Db7|Gm7,C7|Fm7,Bb7|Ebmaj7,Gm7|Fm7,Bb7"
"I Wish I Knew","Am7|D7|Am7|D7|Gmaj7|C7|Gmaj7|Bm7,E7"
"I Wish I Knew","Am7|D7|Am7|D7|Gmaj7|C7|Gmaj7|Bm7,E7"
"I Wish I Were In Love Again","Gmaj7|C7#11|Gmaj7|C7#11|Gmaj7|B7,Em7|Am7,D7|G6,D7"
"I Wish You Love","Fm7|Bb7|Ebmaj7,Ab7|Gm7,Gb07|Fm7|Bb7|Eb6,Ab7|Gm7,C7"
"I'll Be Around","Cmaj7,Dm7|Em7,Fmaj7|G7,G#07|Dm7/A,G7/B|Cmaj7,Am7|Dm7,G7|C6,Eb7|Abmaj7,,Dm7,G7"
"I'll Close My Eyes","Fmaj7|Fmaj7|Em7b5|A7b9|Dm7|G7|Cm7|F7"
"I'll Never Smile Again","Fm7,B9#11|Bb7sus,Bb7b9|Ebmaj7|Gm7,Gb07|Fm7,B9#11|Bb7b9|Eb6,Ab9|Gm7,Gb7b5"
"I'll Never Smile Again","Fm7,B9#11|Bb7sus,Bb7b9|Ebmaj7|Gm7,Gb07|Fm7,B9#11|Bb7b9|Ebmaj7,Eb6|Bbm6,A7#11"
"I'll Only Miss Her When I Think Of Her","Am7|D7|Gmaj7|Cmaj7|F#m7b5|B7b9|Em7,Eb7|Dm7,G7"
"I'll Only Miss Her When I Think Of Her","Am7|D7|Gmaj7|Cmaj7|F#m7b5|B7b9|Em7,Eb7|Dm7,G7"
"I'll See You In My Dreams","Bb6|Bb6|Bbm6|Bbm6|F6|E7|F6|F6"
"I'm A Fool To Want You","Em6|Bm7b5,E7b9|Am6|F#m7b5,B7b9|Em7|Am7|F#m7b5,B7b9|Em6"
"I'm Beginning To See The Light","D7,G7|C6,A7|D7,G7|Ebm7,Ab7|D7,G7|C7,Bb7,A7,|D7,G7|C6"
"I'm Beginning To See The Light","D7,G7|C6,A7|D7,G7|Ebm7,Ab7|D7,G7|C7,Bb7,A7,|D7,G7|C6"
"I'm Confessin' (That I Love You)","Gmaj7,D7#5|Gmaj7,D7#5|Gmaj7|Bm7,E7|Em7,A7|Am7,D7|G6|Am7,D7"
"I'm Glad There Is You","Fmaj7|Fmaj7|Fm7|Fm7(Bb7)|Gm7|C7|Fmaj7,D7b9|Gm7,C7"
"I'm Gonna Laugh You Right Out Of My Life","Fmaj7|Ab07|Gm7|C7sus,B07|Am7|Ab7|Dmaj7|Gm7,C7"
"I'm Gonna Laugh You Right Out Of My Life","Fmaj7|Ab07|Gm7|C7sus,Bb07|Am7|Cm7,F7b9|Bbmaj7|Em7b5,A7b9"
"I'm Gonna Laugh You Right Out Of My Life","Fmaj7|Ab07|Gm7|C7sus,Bb07|Am7|Cm7,F7b9|Bbmaj7,Bb6|Em7b5,A7b9"
"I'm Gonna Sit Right Down and Write Myself A Letter","Gmaj7|Gmaj7,D7|Gmaj7|Gmaj7|Gmaj7|B7|C,E7|Am7"
"I'm In The Mood For Love","Cmaj7,Am7|Dm7,G7|Dm7,G7|Cmaj7,F7|Em7,Eb07|Dm7|G7|C6"
"I'm Just A Lucky So-And-So","G6|Cmaj7|G6|Dm7,G7|C7,A7|Am7,D7|G6,E7#9|Am7,D7"
"I'm Putting All My Eggs In One Basket","Cmaj7|Cmaj7|Gm7,C7|F6,Fm6|Em7,A7|Dm7,G7|C6,Am7|Dm7,G7"
"I'm Sitting On Top Of The World","Fmaj7,F7|Bbmaj7|Fmaj7,Gm7|Am7,Dm7|G7|Gm7,C7|F6|Gm7,C7"
"I'm Through With Love","Fmaj7,Ab07|Gm7,C7|Cm7,F7|Bbmaj7,Eb7|Am7,D7b9|Gm7,D7b9|Gm7,C7b9|F6"
"I've Found A New Baby","Cm7|Ab7,G7|Cm7|C7|F7|Bb7|Eb6|Ab7,G7"
"I've Got A Crush On You","Bbmaj7,Db07|Cm7,F7|Bbmaj7,Db07|Cm7,F7|Dm7,Gm7|C7|C7|Cm7,F7"
"I've Got The World On A String","F6,Eb7,D7,|Gm7,C7|Fmaj7,Bb7|Am7,Abm7|Gm7,C7|Gm7,C7|F6,Dm7|Gm7,C7"
"I've Grown Accustomed To Her Face","Ebmaj7,Ab7#11|Gm7,Cm7|Fm7|Bb7|Am7b5,D7b9|Gm7,C7b9|Fm7,C7b9|Fm7,Bb7"
"I've Heard That Song Before","Cmaj7,C6|C6|Bm7,E7|E7|A7|A7|D7|D7"
"I've Heard That Song Before","Cmaj7,C6|C6|Bm7,E7|E7|A7|A7|Dm7,A7|Dm7"
"I've Never Been In Love Before","Bb6,Gm7|Cm7,F7|Bbmaj7,Eb7|Dm7,G7|Cm7|F7|Bb6|Cm7,F7"
"I've Told Eve'ry Little Star","F6,Dm7|Gm7,C7|A7b9,Dm7|Bbm7,Eb7|Am7,Dm7|Gm7,C7|F6|Gm7,C7"
"If I Could Be With You","Fm7|Bb7,Bb7#5|Eb6,G7|C7|F7|Bb7|Eb6,C7|F7,Bb7"
"If I Didn't Care","Bb6,F7#5|Bb6|Bb6,F7#5|Bb6|C7,C7#5|C7|C7,C7#5|C7"
"If I Didn't Care","Bb6,F7#5|Bb6|Bb6,F7#5|Bb6|C7,Gm7|C7,Gm7|C7|C7"
"If I Had You","Bbmaj7|Bb7|Ebmaj7|Ebm6|Bbmaj7,Db07|Cm7,F7|Bbmaj7,Db07|Cm7,F7"
"If I Should Lose You","Cm7|F7|Bbmaj7|Am7b5,D7b9|Gm7|C7|Cm7|Am7b5,D7b9"
"If I Should Lose You","Cm7|F7|Dm7|G7|Cm7|F7|Bb6|Am7b5,D7b9"
"If I Were A Bell","F6,F7/A|Bb6,C7|F6|Em7b5,A7|Dm7,Dm7/C|Bm7b5,E7|Amaj7|Gm7,C7"
"If You Could See Me Now","Ebmaj7|Ab7|Ebmaj7|Abm7,Db7|Gm7,F#m7,B7,|Fm7,Bb7|Eb6|Fm7,Bb7"
"Impressions","Dm11|Dm11|Dm11|Dm11|Dm11|Dm11|Dm11|Dm11"
"Impressions","Dm11|Dm11|Dm11|Dm11|Dm11|Dm11|Dm11|Dm11"
"Impressions","Dm11|Dm11|Dm11|Dm11|Dm11|Dm11|Dm11|Dm11"
"In A Mellow Tone (In A Mellotone)","Bb7|Eb7|Ab6|Ab6|Ebm7|Ab7|Dbmaj7|Dbmaj7"
"In A Mellow Tone (In A Mellotone)","Bb7|Eb7|Ab6|Ab6|Ebm7|Ab7|Dbmaj7|Dbmaj7"
"In a Sentimental Mood","Dm,Dm/maj7|Dm7,Dm6|Gm,Gm/maj7|Gm7,,Em7b5,A7|Dm|D7|Gm7,C7b9|F6,,Em7b5,A7"
"In Love In Vain","Bbmaj7,Gm7|Cm7,F7|Bbmaj7,Gm7|Cm7,F7|Bbmaj7,Gm7|Cm7,F7|Dm7|G7"
"In Love In Vain","Bbmaj7,Gm7|Cm7,F7|Bbmaj7,Gm7|Cm7,F7|Bbmaj7,Gm7|Cm7,F7|Dm7b5|G7b9"
"In The Middle Of A Kiss","Am7,C7|F7,E7|Am7,D7|Gm7,C7|Fmaj7|Em7b5,A7|Dm7,A7|Dm7"
"In The Middle Of A Kiss","Am7,C7|F7,E7|Am7,D7|Gm7,C7|Fmaj7|Em7b5,A7|Dm7,Db7|C7sus,C7"
"In The Wee Small Hours Of The Morning","Cmaj7,C7|C6,Caug|Cmaj7,Caug|Dm7,G7|Dm7,G7|Em7b5,A7|F#m7b5,B7|Em7,A7,Dm7,G7"
"In Walked Bud","Fm|Fm/maj7|Fm7|Bb7,Eb7|Ab6,F7|Bbm7,Eb7|Ab6|Gm7b5,C7b9"
"In Your Own Sweet Way","Am7b5,D7b9|Gm7,C7|Cm7,F7|Bb7,Ebmaj7|Abm7,Db7|Gbmaj7,Bmaj7|F7alt,B7|Bb7,Eb6"
"In Your Own Sweet Way","Am7b5,D7b9|Gm7,C7|Cm7,F7|Bb7,Ebmaj7|Abm7,Db7|Gbmaj7,Bmaj7|F7alt,B7|Bb7,Eb6"
"Indian Summer","Am7|F#m7b5,B7b9|Em7|Em7|A7|A7|Am7|D7"
"Indian Summer","Gmaj7|Bm7,Em7|Eb7|Bbm7,Eb7|Bm7,Bb7|Am7,D7|G6|Am7,D7"
"Irresistable You","Gm7|C7|Fmaj7,Gm7|Am7,Ab07|Gm7|C7|Fmaj7,Gm7|Am7,Bbmaj7"
"Is You Is Or Is You Ain't (Ma' Baby)","Fm7,Fm7/Eb|Db7,C7|Fm7,Fm7/Eb|Db7,C7|Bb7|Bb7|Eb7|Db7,C7"
"Isfahan","Dbmaj7|Bbmaj7,Bb7#5|Eb9|Eb9|Amaj7|Ab13b9|Dbmaj7|Dbmaj7"
"Isfahan","Dbmaj7|Bbmaj7,Bb7#5|Eb9|Eb9|Amaj7|Ab13b9|Db7#11|Db7#11"
"Island Birdie","Eb6|Fm7,Bb7|Eb6|Fm7,Bb7|Dm7b5,G7|Cm7,F7|Fm7,Bb7|Eb6"
"Isn't It A Pity","Cmaj7,Am7|F#m7b5,B7b9|Em7,A7|Dm7,G7|Cmaj7,,Gm7,C7|F,Em7,Dm7,G7|C6|Dm7,G7"
"Isn't It Romantic?","Eb6,Cm7|Fm7,Bb7|Ebmaj7,E07|Fm7,Bb7|Eb6/G,C7|Fm7,Bb7|Ebmaj7|Bbm7,Eb7"
"Isn't It Romantic?","Eb6,Cm7|Fm7,Bb7|Ebmaj7,E07|Fm7,Bb7|Eb6/G,C7|Fm7,Bb7|Ebmaj7|Bbm7,Eb7"
"It Ain't Necessarily So","Gm7,C7|Gm7,C7|Gm7,C7|Gm7,C7|C7,Db7|C7,Db7|A7b9#5,D7#9|Gm7,C7"
"It Ain't Necessarily So","Gm7,C7|Gm7,C7|Gm7,C7|Gm7,C7|C7,Db7|C7,Db7|A7b9#5,D7#9|Gm7,C7"
"It Could Happen To You","Ebmaj7|E07(Gm7b5),(C7b9)|Fm7|F#07(Am7b5),(D7b9)|Ebmaj7|Abmaj7|Gm7b5|C7b9"
"It Could Happen To You","Ebmaj7|E07(Gm7b5),(C7b9)|Fm7|F#07(Am7b5),(D7b9)|Ebmaj7|Abmaj7|Gm7b5|C7b9"
"It Don't Mean A Thing","Gm(Gm),Gm/F#|Gm/F(Gm/maj7),C7/E|Eb7(Gm7),D7|Gm|C7|C#07|Bb6|Bb6"
"It Had To Be You","Gmaj7,D7#5|Gmaj7,F7|E7,Bm7|E7|A7,Em7|A7,Em7|A7,Em7|A7"
"It Had To Be You","Gmaj7,D7#5|Gmaj7,F7|E7,Bm7|E7|A7,Em7|A7,Em7|A7,Em7|A7,,Dm7,G7"
"It Was So Good While It Lasted","Cmaj7,B7|Em7b5,A7b9|Dm7,Dm7/C|Bb7|Am7,Am7/G|F#m7b5,D7|Dm7,G7|C6,G7sus"
"It's A Blue World","Gm9|Gm9,C7#5|Fmaj9|Fmaj9|Cm9|Cm9,F7#5|Bbmaj9|Bbmaj9"
"It's A Blue World","Gm9|Gm9,C7#5|Fmaj9|Fmaj9|Cm9|Cm9,F7#5|Bbmaj9|Bbmaj9"
"It's A Lovely Day Today","Bbmaj7,Gm7|Cm7,F7|Bbmaj7|Fm7,Bb7|Ebmaj7,Ebm7|Bbmaj7/D,Db07|Cm7|F7"
"It's Been A Long Long Time","F,Fmaj7|F6|F6,F#07|C7|Gm7,D7|Gm7,C7|Gm7,C7#5|Fmaj7"
"It's Easy To Remember","Fm7,Bb7|Ebmaj7,C7|Fm7,Bb7|Bbm7,Eb7|Abmaj7|Db7|Cm7,F7,Fm7,Bb7|Eb6"
"It's Magic","Bbmaj7,Ebmaj7|Bb/D,Db07|Cm7,F7|Cm7,F7|Cm7|F7|Bbmaj7|F7sus,F7"
"It's Only a Paper Moon","Gmaj7,E7|Am7,D7|Am7,D7|Gmaj7,,Am7,D7|Dm7,G7|Cmaj7,Am7b5|D7|G6,,Am7,D7"
"It's The Talk Of The Town","Fmaj7,Ab07|Gm7,C7|Fmaj7,F7#5|Bbmaj7,Eb7|Fmaj7,E7|Eb7,D7|G7,C7|F6,C7"
"It's You Or No One","Gm7|C7|Fmaj7,Bb7|Am7,D7|Gm7|C7|Fmaj7|Fmaj7"
"It's You Or No One","Gm7|C7|Fmaj7,Bb7|Am7,D7|Gm7|C7|Am7b5(Cm7)|D7b9(F7)"
"James","D#6,B/D#|G/D,A/C#|C6,C07|G/B,Gm/Bb|D/A|Fmaj7/A|D/A|Gadd9,,G,A"
"James","A,F#7/A#|Bm,A/C#|D,C#/F|F#m,E/G#|A,A/G|D/F#,Bm7|Em7,A|Gmaj7,A"
"Je Ne Sais Pas","Fmaj7,,Bbm7,Eb7|Abmaj7,Db7|Gm7,C7|Fmaj7,D7|Bbmaj7,B07|Fmaj7,D7b9|Gm7,C7|F6"
"Je Ne Sais Pas","Fmaj7,,Bbm7,Eb7|Abmaj7,Db7|Gm7,C7|Fmaj7,D7|Bbmaj7,B07|Fmaj7,D7b9|Gm7,C7|F6"
"Jeannie's Song","Gm7|C7|Gm7|C7|Fmaj7|Bb9|Am7|Ab07"
"Jeannine","Dbmaj7|Gm7b5,C7|Fmaj7|Fmaj7|Fm7|Bb7|Bbm7|Eb7"
"Jeepers Creepers","Cm7,F7|Bb6,Gm7|Cm7,F7|Bb6,Gm7|Cm7,F7|Bb6,Gm7|Cm7,F7|Bb6"
"Jersey Bounce","F6|F6|G7|G7|Gm7|C7|F6,Db7|F6"
"Joker, The","Eb6,C7#9|Fm7,Bb7|Gm7,C7|Fm7,Bb7|Bbm7,Eb7|Abmaj7,Db7|Fm7,Bb7|Eb6"
"Jordu","D7,G7|Cm6|F7,Bb7|Ebmaj7|D7,G7|Cm6|Ab7|Ab7"
"Jordu","D7,G7|Cm6|F7,Bb7|Ebmaj7|D7,G7|Cm6|Ab7|Ab7"
"Joy Spring","Fmaj7|Gm7,C7|Fmaj7|Bbm7,Eb7|Am7,Ab7|Gm7,C7|Fmaj7|Abm7,Db7"
"Joy Spring","Fmaj7|Gm7,C7|Fmaj7|Bbm7,Eb7|Am7,Ab7|Gm7,C7|Fmaj7|Gm7,C7"
"Just A-Sittin' And A-Rockin","Ab,Ab7/C|Db,Ab6|Db,Ab/C|Bbm7,Eb7,Ab6,|Db,Ab/C|Db,D07|Db,D07,Ab/Eb,Fm7|Bbm7,Eb7,Ab6,"
"Just A-Sittin' And A-Rockin","Ab,Ab7/C|Db,Ab6|Db,Ab/C|Bbm7,Eb7,Ab6,|Db,Ab/C|Db,D07|Db,D07,Ab/Eb,Fm7|Bbm7,Eb7,Ab6,"
"Just Friends","Cmaj7|Cmaj7|Cm7|F7|Gmaj7|Gmaj7|Bbm7|Eb7"
"Just Friends","Cmaj7|Cmaj7|Cm7|F7|Gmaj7|Gmaj7|Bbm7|Eb7"
"Just In Tune","D7sus|D7sus|Dm7b5|G7b9|Cm7|Cm7/Bb|Am7|Am7"
"Just One More Chance","Dm7,G7|Cmaj7|Am7b5,D7|Gmaj7|Bm7b5,E7|Am7|Em7,A7|Am7,D7"
"Just Squeeze Me","Fmaj7,Gm7|Am7,C7|Fmaj7,Bbmaj7|Am7,D7|Gm7|C7|Fmaj7,D7|Gm7,C7"
"Just You, Just Me","C6|A7|Dm7|G7|C6,C7|Fmaj7,Bb7|C6/G,G7|C,G7"
"Kary's Trance","Am6|Am6|Dm6|Dm6|Bm7b5|E7b9|Am6|Am6"
"Kary's Trance","Am6|Am6|Dm6|Dm6|Bm7b5|E7b9|Am6|Am6"
"Keepin' Myself For You","Ebmaj7,E07|F7,Bb7|Am7b5,Abm7|Gm7b5,C7b9|Fm7,Abm6|Fm7,Bb7sus|Eb6,C7b9|Fm7,Bb7"
"Kids Are Pretty People","Dm7,A7#9|Dm7,,Cm7,F7|Bb7,A7#9|Dm7,G7|Fmaj7/C,A7/C#|Dm7,Dm7/C|Bm7b5,E7#9|A7#9"
"Kids Are Pretty People","Dm7,A7#9|Dm7,,Cm7,F7|Bb7,A7#9|Dm7,G7|Fmaj7/C,A7/C#|Dm7,Bm7b5|F/C,C7sus|F6,A7"
"Kids Are Pretty People","Dm7,A7#9|Dm7,,Cm7,F7|Bb7,A7#9|Dm7,G7|C7,F7|Bb7,Eb7|Em7b5,A7#9|Dm7,,Em7b5,A7"
"L.O.V.E.","G6|Gmaj7|Am7|D7|D7|D7|Gmaj7|G6"
"L.O.V.E.","G6|Gmaj7|Am7|D7|D7|D7|Gmaj7|G6"
"La Vie En Rose","C,C6|Cmaj7,C6|C|Dm7,G7|Dm7,G7|Dm7,G7|Dm7,G7|C,C#0,Dm7,G7"
"Ladies In Mercedes","Gmaj7|Gmaj7|C7#11|C7#11|Bm7|Bm7|E7|E7"
"Lady Sings The Blues","Fm|Fmaug|Fm6|Fm7|Fmaj7|Bbmaj7|Fmaj7,Eb7,D7,|Gm7,C7b9"
"Lady Sings The Blues","Fm|Fmaug|Fm6|Fm7|Fmaj7|Bbmaj7|Fmaj7,Eb7,D7,|Gm7,C7b9"
"Lady's In Love With You, The","A7|A7|Am7|D7|G6|G6,D7#5|G6|G6"
"Lady's In Love With You, The","A7|A7|Am7|D7|Am7|D7|G6|G6"
"Lakes","D,,A/C#,Bm|Bm,D/A|E/G#,G/A|Dmaj7,F#7|F#7,Bm7|Em,,G/A,A/G|Dmaj7/F#,Em9|G/A,Bb/A"
"Lament","Fm|Ebm7,Ab7|Dbmaj7|Gm7b5,C7b9|Fmaj7|Dm7|Gm7(Em7b5)|Em7b5(A7b9),A7b9"
"Lament","Fm|Ebm7,Ab7|Dbmaj7|Gm7b5,C7|Fmaj7|Dm7|Gm7(Em7b5)|Em7b5(A7b9),A7b9"
"Lamp Is Low, The","Dm7(G13sus)|G7|Dm7|G7|C6|F7|Em7|A7"
"Lamp Is Low, The","Dm7(G13sus)|G7|Dm7|G7|C6|F7|C6|C6"
"Last Night When We Were Young","Gmaj7,C7|Bm7,E7b13|A7|Am7,D7#9|Dm7,G7|Am7b5,D7b9|Gmaj7,G#07|Am7,D7"
"Last Night When We Were Young","Gmaj7,C7|Bm7,E7|Dm7|B7,E7|A7|Am7,D7|G6|Am7,D7"
"Last Time I Saw Paris, The","Ab6|Ab6|Ab6|Eb7|Bbm7|Eb7|Bbm7,Eb7|Ab6"
"Last Time I Saw Paris, The","Ab6|Ab6|Ab6|Eb7|Bbm7|Eb7|Bbm7,Eb7|Ab6"
"Laura","Am9|D7b9|G6|G6|Gm9|C7b9|Fmaj7|Fmaj7"
"Laura","Am9|D7b9|G6|G6|Gm9|C7b9|Fmaj7|Fmaj7"
"Lazy Afternoon","Am7|A7|Am7|D7|Am7|D7|Am7|D7"
"Lazy Bird","Am7,D7|Cm7,F7|Fm7|Bb7|Ebmaj7|Am7,D7|Gmaj7|Gmaj7"
"Lazybones","Cmaj7,F7|Cmaj7,F7|Cmaj7,,F7,G7|C6,C7/Bb|A7|Dm7|Ab7b5,G7|C6,,Dm7,G7"
"Leila","Gm7,C7b9|Am7,D7b9|Gm7,C7b9|Fmaj7|Bbm7,Eb7b9|Abmaj7,Dbmaj7|Gm7,C7b9|Fmaj7"
"Let There Be Love","Ebmaj7|Abmaj7|Gm7b5|C7|Fm7b5|Bb7|Ebmaj7,Ab7|Gm7,F#07"
"Let There Be Love","Ebmaj7|Abmaj7|Gm7b5|C7|Fm7b5|Bb7|Ebmaj7|Fm7,Bb7"
"Let There Be You","Cmaj7,F#07|Dm7,G7|G7,G7#5|C,C,B7,Bb7|A7|Dm7|D7,G7,Dm7,G7|Cmaj7"
"Let's Call This","D9sus|D9sus|D9sus|D9sus|D9sus|D9sus,F#7|F7,E7|Eb7,D7"
"Let's Call This","D9sus|D9sus|D9sus|D9sus|D9sus|D9sus,F#7|F7,E7|G6"
"Let's Cool One","Ebmaj7|Fm7,Bb7|Eb,D7,Db7,G7|C7b9#11|F7|Bb7|Eb6|Eb6(Fm7),(Bb7)"
"Let's Cool One","Ebmaj7|Fm7,Bb7|Eb,D7,Db7,G7|C7b9#11|F7|Bb7|Eb6|Eb6(Fm7),(Bb7)"
"Let's Do It (Let's Fall In Love)","Bb6,B07|Cm7,F7|Bb6,Bb7|Eb7|Bb6/D,Gm7|Cm7,F7b9|Bb6,G7#5|Cm7,F7#5"
"Let's Fall In Love","Am,Am/maj7|Am7|D7,Am7|D7,D#07|Em7,Am7|Dm7,G7|Em7,A7b9|Dm7,G7"
"Let's Get Away From It All","Ebmaj7,Bb7b9|Ebmaj7,Eb7|Abmaj7,F#07|Gm7,C7|Fm7,Bb7|Db7,C7|Fm7,E7|Eb6"
"Let's Get Lost","Cmaj7|F#m7b5|Cmaj7|F#m7b5,B7b9|Em7b5|A7b13|Em7b5|A7b13"
"Li'l Darling","Bb6,Bbm6|F6,F7|Bb6,Bbm6|Am7b5,D7b9|G7|Dm7,G7|Gm7,C7|Am7b5,D7b9"
"Like Someone In Love","Ebmaj7,G7/D|Cm7,Cm7/Bb|Am7b5,Ab7|Gm7,C7|Fm7|Am7(Bb7),D7|Ebmaj7|Bbm7,Eb7"
"Like Sonny","Am7|Am7|Fm7|Fm7|C#m7|C#m7,F#7|Bmaj7|Ebm7,Ab7"
"Lily of The Valley","F|F|C7|F|F|F|C7|F"
"Line For Lyons","G6,G7b9|Cm7,F7|Bm7,E7|Am7,D7|Gmaj7,E7|Am7,D7|G6|Am7,D7"
"Linger Awhile","F6|F6,C7|F7|F7,Db7|C7|C7|F6|Gm7,C7"
"Little Chicago Fire","Bb69,G7#5|Cm9,F13b9|Bbmaj7,Db9|Gbmaj7,F7b9#5|Bm7,E9|Eb69,Ebm7/Ab|Dm7,G7#9|Cm7,F9,Bb69,"
"Little Peace In C For You","Cmaj7,A7|Dm7,G7|Em7,A7|Dm7b5,G7|Cmaj7,A7|Dm7,G7|Cmaj7,A7|Dm7,G7"
"Little Peace In C For You","Cmaj7,A7|Dm7,G7|Em7,A7|Dm7b5,G7|Cmaj7,A7|Dm7,G7|Cmaj7|Cmaj7"
"Little Peace In C For You","Cmaj7,A7|Dm7,G7|Em7,A7|Dm7b5,G7|Cmaj7,A7|Dm7,G7|Cmaj7|Cmaj7"
"Little Rootie Tootie","Abmaj7,F7|Bbm7,Eb7|Abmaj7,F7|Bbm7,Eb7|Abmaj7,Ab7|Dbmaj7,D07|Ab6/Eb,Eb7|Ab6"
"Little Sunflower","Dm7|Dm7|Dm7|Dm7|Dm7|Dm7|Dm7|Dm7"
"Little Sunflower","Dm7|Dm7|Dm7|Dm7|Dm7|Dm7|Dm7|Dm7"
"Liza","Cm7|Abmaj7|Cm7|Bbm7,Eb7|Ab6|Gm7b5,C7b9|Fm7|B7,Bb7"
"Lonely Dreams","G7b5|Dbm7,Gb7|G7b5|Dbm7,Gb7|Cm7,F7|B7b5|Bbmaj7|Bbmaj7"
"Lonesome Road, The","Eb6|Eb7|Abm6|Abm6|Eb|Bb7|Eb|Eb"
"Long Ago And Far Away","F6,Dm7|Gm7,C7|Fmaj7,Dm7|Gm7,C7|F6,Dm7|Gm7,C7|F6,D7|Gm7,C7"
"Long Ago And Far Away","F6,Dm7|Gm7,C7|Fmaj7,Dm7|Gm7,C7|F6,Dm7|Gm7,C7|F6,D7|Gm7,C7"
"Lonnie's Lament","Cm7,Dm7|Ebmaj7,Dm7|Cm7,Dm7|Ebmaj7,Dm7|Cm7,Dm7|Ebmaj7,Dm7|Cm7,Dm7|Ebmaj7,Dm7"
"Look For The Silver Lining","Ebmaj7|Fm7,Bb7|Ebmaj7|Fm7,Bb7|Gm7|Ab7|Gm7|Cm7"
"Look For The Silver Lining","Cm7|Am7b5,D7b9|Gm7|C7|Fm7|Bb7|Eb6|Fm7,Bb7"
"Love Is Just Around The Corner","G7,C7|Fmaj7,D7|G7,C7|Fmaj7,D7|G7,C7|Am7,D7|G7,C7|F6,D7"
"Love Is The Sweetest Thing","D6,Bm7|Em7,A7|D6,Bm7|Em7,A7|Am7,D7|Gmaj7,Em7|Bm7,,E7,A7|D6"
"Love Me Or Leave Me","Fm7|G7,C7|Fm7|G7,C7|Abmaj7,Fm7|Bbm7,Eb7|Ab6|Gm7b5,C7b9"
"Love Nest, The","Ebmaj7,Cm7|Fm7,Bb7|Ebmaj7|Eb7|Abmaj7,Fm7|Bbm7,Eb7|Abmaj7|Abmaj7"
"Love Nest, The","Ebmaj7,Cm7|Fm7,Bb7|Ebmaj7|Eb7|Abmaj7,Fm7|Bbm7,Eb7|Abmaj7|Abmaj7"
"Love Vibrations","Dm7b5|Db7b5|Cm7|F7|Fm7|Bb7|Ebmaj7,A7|Ab7,D7b9"
"Love Vibrations","Dm7b5|Db7b5|Cm7|F7,F#07|Gm7,C7b9|Fm7,Bb7|Db6,D6|Eb6"
"Love Walked In","Ebmaj7|Cm7|F7|Bb7sus,Bb7|Ebmaj7|Cm7|F7|Bb7"
"Love Walked In","Ebmaj7|Cm7|F7|Bb7sus,Bb7|Ebmaj7|Cm7|F7|Bb7"
"Lover Man","Dm7,G7|Dm7,G7|Gm7,C7|Gm7,C7|F7|Bb7|Abm7,Db7,Gm7,C7|Fmaj7,,(Em7b5),(A7)"
"Lucky Southern","Dmaj7|Dmaj7|E7|E7|Gmaj7|Bb7,A7|Dmaj7|Dmaj7,Ebmaj7#11"
"Lucky Southern","Dmaj7|Dmaj7|E7|E7|Gmaj7|Bb7,A7|Dmaj7|Dmaj7"
"Lullaby In Rhythm","Fmaj7|Fmaj7,G07|Fmaj7|Abm7,Db7|Gbmaj7|Gm7|C7|F6"
"Lullaby Of Birdland","Fm,Dm7b5|G7,C7|Fm|Bbm7,Eb7|Cm7,Fm7|Bbm7,Eb7|Abmaj7,Eb7|Ab6,,Gm7b5,C7"
"Lullaby Of The Leaves","Cm,Am7b5|D7,G7b13|Gm7,C7|Fm7,Fm7/Eb|Dm7b5|G7b13|Cm|Dm7b5,G7b9"
"Lulu's Back In Town","C7,F7|Bb7,Ebmaj7|C7,F7|Bb7,Eb7|Abmaj7,A07|Gm7,C7|F7,Bb7|Eb6"
"Lulu's Back In Town","C7,F7|Bb7,Ebmaj7|C7,F7|Bb7,Eb7|Abmaj7,A07|Gm7,C7|F7,Bb7|Eb6"
"Lyresto","Ebmaj7|Gm7,C7|Fm7|Bb7|Ebmaj7|Gm7,C7|Abm7|Db7"
"Mahjong","Fm11|Eb69|Fm11|Eb69|Fm11|Eb69|Fm11|Eb69"
"Mahjong","Fm11|Eb69|Fm11|Eb69|Fm11|Eb69|Fm11|Eb69"
"Maiden Voyage","D9sus|D9sus|D9sus|D9sus|F9sus|F9sus|F9sus|F9sus"
"Maiden Voyage","D9sus|D9sus|D9sus|D9sus|F9sus|F9sus|F9sus|F9sus"
"Making Whoopee","Gmaj7,G#07|Am7,D7|Dm7,G7|Cmaj7,F7|Gmaj7,Em7|Eb7,D7|G6,Em7|Am7,D7"
"Mambo Inn","Gm7,C7|Fmaj7,D7|Gm7,C7|Fmaj7,D7|Gm7,C7|Am7,D7|Gm7,C7|F6"
"Man I Love, The","Eb6|Ebm7|Gm7b5|C7b9|Fm7b5|Bb7|Eb6,Ab7|Eb6,,Fm7,Bb7"
"Manhattan","Fmaj7,D7|Gm7,C7|Fmaj7,Bb7|Am7,Ab07|Gm7|C7,Bb7#11|Am7,D7|Gm7,C7"
"Manhattan","Fmaj7,D7|Gm7,C7|Fmaj7,Bb7|Am7,Ab07|Gm7|C7,Bb7#11|Am7b5|D7b9"
"Manteca","Bb7|Bb7|Bb7|Bb7|Bb7|Bb7|Bb7,Ab7|Db7,,Gb7,F7"
"Manteca","Bb7|Bb7|Bb7|Bb7|Bb7|Bb7|Bb7,Ab7|Db7,,Gb7,F7"
"Maybe September","Am|Am/maj7|Bm7b5|E7b9|Am7|Am7|G7sus|G7"
"Maze, The","Em7|A7|Em7|A7|Am7|Gm7|F#m7b5|B7b9"
"Mean To Me","Fmaj7,F#07|Gm7,C7|Fmaj7,,Cm7,F7|Bbmaj7,Eb7|Am7,D7|Gm7,C7|F6,Dm7|G7,C7"
"Mean To Me","Fmaj7,F#07|Gm7,C7|Fmaj7,,Cm7,F7|Bbmaj7,Eb7|Am7,D7|Gm7,C7|F6,Dm7|F6,,Cm7,F7"
"Mean To Me","Fmaj7,F#07|Gm7,C7|Fmaj7,,Cm7,F7|Bbmaj7,Eb7|Am7,D7|Gm7,C7|F6,Dm7|G7,C7"
"Meaning Of The Blues, The","Dm,Dmaug|Dm6,D7#9|Gm7,Gm7/F|Em7b5,A7b9|Dm,Dmaug|Dm6,D7#9|Gm7|Bbm6,C7"
"Meaning Of The Blues, The","Dm,Dmaug|Dm6,D7#9|Gm7,Gm7/F|Em7b5,A7b9|Dm,Dmaug|Dm6,D7#9|Gm7|Bbm6,C7"
"Memories Of Tomorrow","Am|Am/maj7|Am7|Em7|F|C|G9sus|C"
"Memories Of You","Ebmaj7,E07|Fm7,F#07|Ebmaj7/G,Cm7|Am7b5,Abm6|Ebmaj7,D7|Db7,C7|F7,Bb7|Eb6,,Fm7,Bb7"
"Mercy Mercy Mercy","Bb7|Eb7|Bb7|Eb7|Bb7|Eb7|Bb7|Eb7"
"Midnight Blue","Fm7,Gm7|Abmaj7,Gm7|Fm7,Gm7|Abmaj7,Gm7|Fm7,Gm7|Abmaj7,Gm7|Gm7b5,C7#9|Fm7"
"Milano","Dm7,G7|Cmaj7,Am7|Dm7,G7|C7,F#7|Fmaj7,,Dm7,G7|Em7,A7b9|Dm7,G7b9|C6,A7#5"
"Miles Ahead","A7|Dm7|Dm7|G7sus|Bbmaj7|Db7|Cmaj7|Cmaj7"
"Milestones (New)","Gm7|Gm7|Gm7|Gm7|Gm7|Gm7|Gm7|Gm7"
"Milestones (Old)","Fmaj7|Bbm7,Eb7|Abmaj7|Dbm7,Gb7|Cm7|F7|Bbmaj7|G7b13"
"Milestones (Old)","Amaj7|Am7,D7|Gmaj7|Bm7,E7b9|Am7|D7|Bbm7,Eb7|Bm7,E7"
"Mimi","Gmaj7|G6|Am7|D7|Gmaj7|G6|Am11|D7"
"Mimi","Gmaj7|G6|Am7|D7|Gmaj7|G6|Dm7|G7"
"Mimi","Gmaj7|G6|Am7|D7|Gmaj7,Em7|Am7,D7|G6|Am7,D7"
"Mimosa","Fm9|Bb13/F|Db7#11|C7b9|Fm9|Bb13/F|Db7#11|C7b9"
"Minoat","F7#11|Fm9,Bb7b9|Abmaj7#11|G7b13|Cm7,Baug/C#|Dm7b5,G7b13|Cm69|C7b9"
"Minor Mishap","Bbm7|C7#9,F7b9|Bbm7|C7b9b13,F7b9|Bbm7|Ebm7,Bbm7|Gm7b5|C7b9"
"Minor Mishap","Bbm7|C7#9,F7b9|Bbm7|C7b9b13,F7b9|Bbm7|Ebm7,Bbm7|C7b13,F7#9|Bbm7,F7"
"Misty","Ebmaj7|Bbm7,Eb7|Abmaj7|Abm7,Db7|Ebmaj7,Cm7|Fm7,Bb7|Eb6|Fm7,Bb7"
"Moments To Remember","Gmaj7,G6|Gmaj7,G6|G,G7#5|C,Am|D7|D7|Cm,G|Cm,G"
"Mona Lisa","Eb6|Eb6|Ebmaj7,C7b9|Fm7,Bb7|Fm7|Bb7|Fm7,Bb7|Ebmaj7,Bb7"
"Monk's Dream","C7|C7|C7|C7|C7|C7|C7|C7"
"Monk's Mood","Fm7,,Bb7,C|Cmaj7|Dm7b5,G7b9#11|Dbmaj7|Bb7,A7b13|E7b9,Eb7#9|Ab7#5,G7|Dbmaj7#11"
"Moon And Sand","Dm7|G7b9|Cm7|F7b9|Bbmaj7|Gm7|Em7b5|A7"
"Moon Mist","Dm7,Dm7/C|Bm7b5,Bb7|Am7,Eb7|D7|G7sus,G7|C7sus,C7|Fmaj7,Dm7|Em7b5,A7b9"
"Moondance","Am7,Bm7/E|Am7,Bm7/E|Am7,Bm7/E|Am7,Bm7/E|Am7,Bm7/E|Am7,Bm7/E|Am7,Bm7/E|Am7,Bm7/E"
"Moonglow","Cmaj7|F7#11|G6|A7|Am7|D7|G6,Eb7|Am7,Eb7,G6,"
"Moonglow","Cmaj7|F7#11|G6|A7|Am7|D7|G6,Eb7|Am7,Eb7,G6,"
"Moonlight In Vermont","Am7,D7|Gmaj7,Em7|Am7,D7|Gmaj7|Bbm7,Eb7|Abmaj7,Fm7|Bbm7,Eb7|Abmaj7,Bb7b9"
"Moonlight Saving Time","Fmaj7,Ab07|Gm7,C7|F6,C7|Am7,Ab07|Gm7,F#07|C7/G,C7|G7,C7|F6,,Gm7,C7"
"Moontrane, The","Bbmaj7|Bbmaj7|Am7|Am7|Cm7,Dm7|Eb7#9,Fm7|Dmaj7#11|Dmaj7#11"
"Moose The Mooche","Bbmaj7,G7|Cm7,F7|Dm7,G7|Cm7,F7|Fm7,Bb7|Eb7,Ab7|Cm7,F7|Bb6"
"More Than You Know","C6,G7#5|Gm7,C7|Fmaj7,,Em7,A7|Dm7,Fm6|G7,Ab7#11|Dm7,G7|Em7,A7|Dm7,G7"
"More Than You Know","C6,G7#5|Gm7,C7|Fmaj7,,Em7,A7|Dm7,Fm6|Em7,A7|Dm7,G7|C6|F#m7b5,B7b13"
"More Than You Know","C6,G7#5|Gm7,C7|Fmaj7,,Em7,A7|Dm7,Fm6|Em7,A7|Dm7,G7|C6,Am7|Dm7,G7"
"Morning","Bm7,E7|Am7,D7|Bm7,E7|Am7,D7|Dm7,G7|Em7,A7|Bm7,E7|Am7"
"Mountain Greenery","C6,Am7|Dm7,G7|C6,Am7|Dm7,G7|C6|Am7,D7|Em7,A7|Dm7,G7"
"Mountain Greenery","C6,Am7|Dm7,G7|C6,Am7|Dm7,G7|C6|Am7,D7|G7|Gm7,C7"
"Mountain Greenery","C6,Am7|Dm7,G7|C6,Am7|Dm7,G7|C6,Am7|Dm7,G7|C6,Am7|Dm7,G7"
"Move","Bb6|Eb7|Bb6|B07|Cm7|F7|Bb6|Bb6"
"Move","Bb6|Eb7|Bb6|B07|Cm7|F7|Bb6|Bb6"
"My Baby Just Cares For Me","Amaj7|Bm7,E7|Amaj7|Bm7,E7|Amaj7|Bm7,E7|Bm7|E7"
"My Foolish Heart","Bbmaj7,Ebmaj7|Dm7,G7|Cm7|Em7(F7),A7b9|Bbmaj7,D7#9|Gm7,(Db7)|Cm7|Cm7,F7b9"
"My Foolish Heart","Bbmaj7,Ebmaj7|Dm7,G7|Cm7|Em7(F7),A7b9|Bbmaj7,D7b9|Gm7,(Db7)|Cm7,Cm7/Bb|Am7b5,D7b9"
"My Funny Valentine","Cm6|Dm7b5(Cm/maj7/B),G7b9|Cm7(Cm7/Bb)|F7(Cm6/A)|Abmaj7|Fm7|Dm7b5|G7b9"
"My Funny Valentine","Cm6|Dm7b5(Cm/maj7/B),G7b9|Cm7(Cm7/Bb)|F7(Cm6/A)|Abmaj7|Fm7|Fm7b5(B7)|Bb7"
"My Heart Belongs To Daddy","Cm6|Cm6|Cm6|Fm6|G7b9|Dm7b5,G7b13|Dm7b5,G7b13|Cm6"
"My Heart Stood Still","Fmaj7,Dm7|Gm7,C7|Fmaj7,F7|Bb6,Eb7|Am7,D7b13|Gm7,C7|F6,Dm7|Gm7,C7"
"My Ideal","Eb6,C9#5|Fm7|Db7,C9#5|F7|Fm7,Bb7|Dm7b5,G7b9|Cm7,F7|B7,Bb7"
"My Last Affair","Cmaj7,Am7|Dm7,G7|Cmaj7,F7|Em7,Eb07|Dm7,G7|D7,G7|C6,Eb7|Abmaj7,G7"
"My Little Suede Shoes","Fm7,Bb7|Ebmaj7|Fm7,Bb7|Ebmaj7|Fm7,Bb7|Gm7,C7|Fm7,Bb7|Ebmaj7"
"My Little Suede Shoes","Fm7,Bb7|Ebmaj7|Fm7,Bb7|Ebmaj7|Fm7,Bb7|Gm7,C7|Fm7,Bb7|Ebmaj7"
"My Melancholy Baby","Bbmaj7|Bbmaj7|Ab7|G7|Cm7|G9#5|Cm7|G9#5"
"My Melancholy Baby","Bbmaj7|Bbmaj7|Ab7|G7|Cm7|G9#5|Cm7|Fm7,Bb7"
"My Old Flame","Fmaj7|Am7b5,D7b9|Gm7|Bbm7,Eb7|Fmaj7,,Bbm7,Eb7|Abmaj7,Db7|Gm7,C7|F6"
"My One And Only Love","Cmaj7,Am7|Dm7,,G7,G#0|Am7,Fmaj7|Em7,A7|Dm7,,G7(Bm7b5),G#0(E7)|Am7,D7|Dm7,G7|C6,G7"
"My Romance","Cmaj7,Fmaj7|Em7,Eb07|Dm7,G7|Cmaj7,E7|Am7,E7|Am7,A7|Dm7,G7|Cmaj7,C7"
"My Romance","Cmaj7,Fmaj7|Em7,Eb07|Dm7,G7|Cmaj7,E7|Am7,E7|Am7,A7|Dm7,G7|Cmaj7,C7"
"Nancy (With The Laughing Face)","Cm6|Dm7b5,G7b9|Cm6|F7,Bb7|Ebmaj7,Cm7|Fm7,,Dm7b5,G7|Cm7,F7|Bb7sus,C7b9"
"Nancy (With The Laughing Face)","Fm7,C7b9|Fm7,Bb7|Ebmaj7,Ab7|Gm7,Gb07|Fm7,Fm7/Eb|Dm7b5,G7b9|Cm7,,F7,Bb7|Eb6,,Gm7,C7"
"Nardis","Am7|Fmaj7|Am7|Fmaj7|Dm7|G7|Cmaj7|Fmaj7"
"Nascimento","Bmaj7|Bmaj7|Fm7b5|Bb7|Ebm7|Ebm7/Db|Cm7b5|F7"
"Nature Boy","Dm|Em7b5,A7b9|Dm|Em7b5,A7b9|Dm,Dm/maj7|Dm7,Dm6|Gm6,Dm|Em7b5"
"Nature Boy","Dm|Em7b5,A7b9|Dm|Em7b5,A7b9|Dm,Dm/maj7|Dm7,Dm6|Gm6,Dm|Em7b5"
"Never Let Me Go","Gm7|C7sus,C7b13|Fm7|Bb7sus,Bb7|Ebmaj7|D7sus,D7|Dbmaj7|C7sus,C7"
"Nevertheless","Bb6|Db07|Cm6,F7|Dm7b5,G7b13|Cm7,G7|C7,F7|Bbmaj7,Gm7|Cm7,F7"
"Nevertheless","Bb6|Db07|Cm6,F7|Dm7b5,G7b13|Cm7,G7|C7,F7|Bbmaj7|Bbmaj7,Gm,F#m,"
"Nevertheless","Bb6|Db07|Cm6,F7|Dm7b5,G7b13|Cm7,G7|C7,F7|Bbmaj7|Cm7,F7"
"Nice 'n Easy","Am7|Am/maj7/G#|Am/G,Fmaj7|Em7|Em7b5|A7#9|Ab7#11|Dm7/G,G7"
"Nice Work If You Can Get It","Em7|C7|Em7|A7b13|Dm|Em7b5,A7b9|Am7|D7#5"
"Night We Called It A Day, The","Am7b5,D7b9|Gmaj7|F#m7b5,B7b9|Em7,Em7/D|C#7(Em7),C7(A7)|Bm7,Bb7|Am7,Ab7#11|Gmaj7"
"No Moe","Bbmaj7,G7|Cm7,F7|Dm7,G7|Cm7,F7|Fm7,Bb7|Eb7,Ab7|Cm7,F7|Bb6"
"No Moon At All","Dm6|A7b9/C#|D7/C|G6/B|Em7b5/Bb|Dm/A,,Bb7,A7|Dm6|Bb7,A7b9"
"No Moon At All","Dm6|A7b9/C#|D7/C|G6/B|Em7b5/Bb|Dm/A,,Bb7,A7|Dm6|Bb7,A7b9"
"Nobody Else But Me","Cmaj7,F7|Em7,A7|Dm7|G7|Dm7,G7|C#m7,F#7|Bmaj7|F#m7(F7#11),B7"
"Nobody Else But Me","Cmaj7,F7|Em7,A7|Dm7|G7|Dm7,E7|Am7,Ab7|Gm7|C7(C#m7),(F#7)"
"Nutty","Bbmaj7,B07|Cm7,C#07|Bbmaj7/D,,Cm7,F7|F7|Bbmaj7,B07|Cm7,F7|Bbmaj7,,F7,Bb|Bbmaj7"
"O Grande Amor","Dm7|G7|Cmaj7|Fmaj7|Bbmaj7|Bbmaj7|Bm7b5|E7b9"
"Off Minor","Gm6|Db7,Gb7|Bm7,Bb7|Ebmaj7,D7|Gm6|Bb13#11|D13#11|D13#11"
"Off Minor","Gm6|Db7,Gb7|Bm7,Bb7|Ebmaj7,D7|Gm6|Bb13#11|D13#11|D13#11"
"Oh, Lady Be Good","Gmaj7|C7|Gmaj7,C7|Bm7,E7|Am7|D7|G6,Em7|Am7,D7"
"Oh! Look At Me Now","Eb7,Bb7|Eb7|Abmaj7|Abm7,Db7|Ebmaj7,Db7|C7,F7,F7,Bb7|Ebmaj7|Ebmaj7"
"Ol' Man River","Ebmaj7,Fm7|Gm7,Abmaj7|Gm7,Fm7|Eb6,F7|Ebmaj7,Cm7|Fm7,Bb7|Eb6|Fm7,Bb7"
"Old Cape Cod","Eb6|Bbm7,Eb7|Abmaj7|Db7|Ebmaj7,C7|F7,Bb7|Eb6|Fm7,Bb7"
"Old Folks","Em7b5,A7b13|Dm7,Db7,Cm7,F7|Bbmaj7,Eb7|Am7b5,D7b9|Gm7,C7|Am7b5,D7b9|G7,C7|F6"
"Oleo","Bbmaj7,G7|Cm7,F7|Dm7,G7|Cm7,F7|Fm7,Bb7|Eb7,Ab7|Cm7,F7|Bb6"
"Oliloqui Valley","F7sus|F7sus|F7sus|F7sus|Eb7sus|Eb7sus|Eb7sus|Eb7sus"
"On A Misty Night","Ebmaj7,Gm7|Cm7,,Gm7,Gbm7|Fm7|Bb7|Abm7|Db7#11,Bb7|Eb6,C7|Fm7,Bb7"
"On A Slow Boat To China","Bbmaj7|G7/B|Cm7|A7/C#|Bbmaj7/D|D7b9|Ebmaj7|Dm7b5,G7b9"
"On A Slow Boat To China","Bbmaj7|G7/B|Cm7|A7/C#|Bbmaj7/D|D7b9|Ebmaj7|Dm7b5,G7b9"
"On Green Dolphin Street","Fm7|Bb7alt|Ebmaj7|Ebmaj7|Abm7|Db7alt|Gbmaj7|Fm7,Bb7"
"On Green Dolphin Street","Fm7,Fm7/Eb|Dm7b5,G7b9|Cm7,Cm7/Bb|Am7b5,D7b9|Gm7,C7|Fm7,Bb7|Eb6|Fm7,Bb7"
"On The Sunny Side Of The Street","Gm7|C7|Fmaj7|Fmaj7|Am7|D7|Dm7|G7"
"Once In A While","Ebmaj7,Ab7|Ebmaj7|Gm7,D7b13|Gm7,C7|Fm7,C7|Fm7,Bb7|Gm7,C7|Fm7,Bb7"
"Once In A While","Ebmaj7,Ab7|Ebmaj7|Gm7,D7b13|Gm7,C7|Fm7,C7|Fm7,Bb7|Eb6,Abm6|Eb6,,Am7,D7"
"Once In A While","Ebmaj7,Ab7|Ebmaj7|Gm7,D7b13|Gm7,C7|Fm7,C7|Fm7,Bb7|Eb6,Cm7|Fm7,Bb7"
"One By One","Am7b5,D7b13|Gm7,,(Fm7),(Bb7)|Cm7(Eb),F7(Cm7)|Bbmaj7|A7#9,Ab7|Gm7,Bb7/F|Em7b5,D7b13|Gm7"
"One By One","Am7b5,D7b13|Gm7,,(Fm7),(Bb7)|Cm7(Eb),F7(Cm7)|Bbmaj7|A7#9,Ab7|Gm7,Bb7/F|Em7b5,D7b13|Gm7"
"One Foot In The Gutter","F7|F7|Bb7|B07|F,D7|Gm7,C7|F,Bb|F,C7"
"Only Trust Your Heart","Fmaj7#11|B7#9|Em7|Am7|Dm7|G7|Bb7#11|A7"
"Opener, The","Cmaj7,C7|Bm7b5,E7alt|Am7,Ab07|Gm7,C7|Fmaj7|Bm7b5,E7alt|Am7,D7|Gm9,C7alt"
"Orange Colored Sky","Bb6,B07|Cm7,C#07|Bb/D,Ab7#11|G9|Cm7,C#07|Bb/D,G7b13|Cm7,F7|Bbmaj7"
"Ornithology","Gmaj7|Gmaj7|Gm7|C7|Fmaj7|Fmaj7|Fm7|Bb7"
"Ornithology","Gmaj7|Gmaj7|Gm7|C7|Fmaj7|Fmaj7|Fm7|Bb7"
"Our Delight","Bb7|A7|Abmaj7|F7|Bb7|Bbm7,Eb7|Ab6|Cm7,F7"
"Our Love is Here to Stay","G7|Gm7,C7|F6,Bb7|Am7,D7|G7|Gm7,C7|Eb7,D7|Bm7,E7"
"Our Love is Here to Stay","G7|Gm7,C7|F6,Bb7|Am7,D7|G7|Gm7,C7|Eb7,D7|Bm7,E7"
"Out Of Nowhere","Gmaj7|Gmaj7|Bbm7|Eb7|Gmaj7|Gmaj7|Bm7|E7b9"
"Out Of Nowhere","Gmaj7|Gmaj7|Bbm7|Eb7|Gmaj7|Gmaj7|Bm7|E7b9"
"Over The Rainbow (Somewhere)","Eb6,Cm7|Gm7,Ebmaj7|Abmaj7,A07(Bb7sus)|Gm7,C7|Fm7,Db7|Gm7,C7b9|F7,Bb7|Eb6,Bb7"
"Over The Rainbow (Somewhere)","Eb6(Am7b5),Cm7(D7b9)|Gm7,Ebmaj7|Abmaj7,A07(Bb7sus)|Gm7,C7|Fm7,Db7|Gm7,C7b9|Fm7(F7),Bb7|Eb6,Bb7"
"P.S. I Love You","Eb6|Gm7,C7|Fm7,Bb7|Gm7b5,C7b9|F7|Fm7,Bb7|Eb6,Db7|Eb6"
"Palo Alto","Fmaj7|Fmaj7|D7b9|D7b9|Gm7|C7|Fmaj7|Cm7,F7"
"Palo Alto","Fmaj7|Fmaj7|D7#11|D7#11|Gm7|C7|Fmaj7,Dm7|Gm7,C7"
"Pannonica","Cmaj7|Ebm7,Ab7|Dm7,Bb7|Ebmaj7,A7#11|Ab7,Db7|Gbmaj7,F7#5|Ebm7,,Ab7,G7|Dbmaj7"
"Parisian Thoroughfare","Fmaj7|Gm7,C7|Am7,D7|Gm7,C7|Fmaj7|Gm7,C7|Fmaj7|Gm7,C7"
"Passion Dance","F7sus|F7sus|F7sus|F7sus|F7sus|F7sus|F7sus|F7sus"
"Passion Flower","F#9b5|F9b5|F#9b5|F9b5|E7b13,Eb13|D9,D7b9|G69|G69"
"Passion Flower","F#9b5|F9b5|F#9b5|F9b5|E7b13,Eb13|D9,D7b9|G69|G69"
"Passport","Bbmaj7,G7|Cm7,F7|Dm7,G7|Cm7,F7|Fm7,Bb7|Eb7,Ab7|Cm7,F7|Bb6"
"Peacocks, The","Bbm,Bbm/maj7|Bbm7,Bbm6|Bbm,F#m7|Fm7,Bb13|Ebm7|Ebm7|C7#9,F7#9|Bbm,F7b9"
"Penthouse Serenade","Fmaj7|Ab07|Gm7|C7|Gm7,C7|Gm7,C7|F6,Eb7|F6"
"People","Bbmaj7,Gm7|Cm7,F7|Bbmaj7,Gm7|Cm7,F7b9|Eb/Bb|Bbmaj7|Am7|D7"
"People","Bbmaj7,Gm7|Cm7,F7|Bbmaj7,Gm7|Cm7,F7b9|Eb/Bb|Bbmaj7|Fm7|Bb7"
"Perdido","Cm7|F7|Bb6|Dm7,G7|Cm7|F7|Bb6|Dm7,G7"
"Perhaps, Perhaps, Perhaps","Em7|Am7,B7|Em7|Am7,B7|Em7|C7,B7|Em7,Am7|Em7"
"Perhaps, Perhaps, Perhaps","Em7|Am7,B7|Em7|Am7,B7|Em7|C7,B7|Em7,Am7|Em"
"Petit Fleur","D7b9|D7b9|Gm|Gm|A7b9|A7b9|D7b9|D7b9"
"Phase Dance","Bm9|Bm9|Bm9|Bm9|Bbmaj7#11|Bbmaj7#11|Bbmaj7#11|Bbmaj7#11"
"Phase Dance","Bm9|Bm9|Bm9|Bm9|Bbmaj9#11|Bbmaj9#11|Bbmaj9#11|Bbmaj9#11"
"Pick Yourself Up","Gm7,C7|Fmaj7,Bbmaj7|Em7b5,A7b9|Dm7,G7|C7sus,C7|Am7,D7|Gm7,C7|F6"
"Pick Yourself Up","Gm7,C7|Fmaj7,Bbmaj7|Em7b5,A7b9|Dm7,G7|C7sus,C7|Am7,D7|Gm7,C7|F6"
"Played Twice","Cmaj7|Db7|Db7|A7|Cmaj7|Db7|Gm7|C7"
"Poinciana","D6|D6|Am/D|Am/D|Gm7|Em7b5,A7b9|D6|D6"
"Poinciana","D6|D6|Am/D|Am/D|Gm7|Em7b5,A7b9|D6|A7sus"
"Polkadots And Moonbeams","Fmaj7,Dm7|Gm7,C7|Fmaj7,Dm7|Gm7,,Em7b5,A7|Dm7,Db7|F/C,,Am7,Abm7|Gm7,C7|F6,,Gm7,C7"
"Poor Butterfly","Bbm7|Eb7sus,Eb7b9|Ab07|Abmaj7|C7#5#9|C7#5#9|F7|Cm7,F7"
"Poor Butterfly","Bbm7|Eb7sus,Eb7b9|Ab07|Abmaj7|C7#5#9|C7#5#9|F7|Cm7,F7"
"Popsicle Toes","Am,Am7/G|F#m7b5,F7#11|Am,Am/G|F#m7b5,F7#11|Am,Am7/G|F#m7b5,F7#11|E7#9|E7#9"
"Portrait Of Jennie","Ebmaj7|Bbm7,Eb7|Abmaj7|Abm7,Db7|Gm7,Cm7|Fm7,Bb7|Fm7,Bb7b9|Eb6,,Fm7,Bb7"
"Prelude To A Kiss","Emaj7,C#m7|F#m7b5,B7|G#m7,G07|F#m7,B7|Emaj7,C#m7|F#m7b5,B7|E7,A7|Dm7,Ebm7,Em7,Eb7"
"Pretend","Cmaj7|Cmaj7|Dm7|Dm7|G7|G7|Cmaj7|Dm7,G7sus"
"Prism","Gm|Gmb6|Em7b5|C#m7b5,F#7b9|Bm7,Dm7|A13b9,Gm|Dm7|D7b9"
"Progression","Fmaj7|Gbmaj7|Db7#5|D7,Db7|Gbmaj7#11|C7|G7|C7"
"Progression","Fmaj7|Gbmaj7|B7,A7|D7,G7|Gbmaj7|Gm7|C7|Fmaj7"
"Put On A Happy Face","Eb6,Abmaj7|Gm7,C7|Fm7,Bb7|Fm7,Bb7|Eb6,Abmaj7|Gm7,C7|Fm7,Bb7|Bbm7,Eb7"
"Puttin' On The Ritz","Fm|Fm|Fm|Fm|C7b9|C7b9|Fm,Fm/Eb|Db7,C7"
"Questar","Bbmaj7|Bb07,Bbmaj7|Bb07,Bbmaj7|Ebmaj7/Bb|F/Bb,Ebmaj7/Bb|Bmaj7/Bb|C/Bb,Bmaj7/Bb|Bbmaj7"
"Quiet Now","Am7,Fmaj7|E7,Am7|Dm7,G7,Cmaj7,|Bb7#11,A7#5|Dm7b5/Ab,,G7,E7|Am7,D7#11|Ebmaj7,Abmaj7|Db9"
"Raincheck","Fmaj7,Gm7|G#07,F/A|Bb6,Am7|G7,C7|Fmaj7,Gm7|G#07,F/A|Bb6,F6|Gm7,C7"
"Reflections","Ab,Gb7,F7,E7|Bbm7,Eb7b9|Abmaj7,,Bbm7,Bm7|Cm7,F7b9|Gm7b5|Bbm7,Eb7b9|Abmaj7,Gb7|Abmaj7"
"Remember","Bbmaj7|Eb7|Dm7|G7|Gm7|C7b9|Fmaj7|Cm7,F7"
"Remember","Bbmaj7|Eb7|Dm7|G7|Gm7|C7b9|Fmaj7|Cm7,F7"
"Rhythm-a-ning","Bb,G7|Cm7,F7|Bb,G7|Cm7,F7|Bb7,Bb7/D|Eb7,E07|Bb7/F,G7|Cm7,F7"
"Rhythm-a-ning","Bb,G7|Cm7,F7|Bb,G7|Cm7,F7|Bb7,Bb7/D|Eb7,E07|Bb7/F,G7|Cm7,F7"
"Road Song","Gm7|Gm7|Am7b5|D7b9|Gm7,Gm7/F|Ebmaj7|Em7b5,Cm7|D7#9,Gm7"
"Road Song","Gm7|Gm7|Am7b5|D7b9|Gm7,Gm7/F|Ebmaj7|Em7b5,Cm7|D7#9,Gm7"
"Robbin's Nest","C6|C6|Ab7|Ab7|Em7,Eb07|Dm7,G7|C6|Dm7,G7"
"Rockin' Chair","Ebmaj7|Bbm7,Eb7|Abmaj7|Db7|Gm7,C7|Fm7,Bb7|Eb6|Fm7,Bb7"
"Room 608","Bbmaj7,G7|Cm7,F7|Dm7,G7|Cm7,F7|Fm7,Bb7|Eb6,E07|Bbmaj7,G7|Cm7,F7"
"Rose Room","Bb7|Eb7|Ab6|Ab6|Ebm7|Ab7|Db6|Db6"
"Rose Room","Bb7|Eb7|Ab6|Ab6|Ebm7|Ab7|Db6|Db6"
"Rosetta","F6|E7|Eb7|D7|G7|C7|Am7,D7|Gm7,C7"
"Rosetta","F6|E7|Eb7|D7|G7|C7|F6|Bm7b5,E7"
"Rosetta","F6|E7|Eb7|D7|G7|C7|F6|Gm7,C7"
"Ruby, My Dear","Fm9,Bb7b9|Ebmaj7,(Fm7),(F#m7),(Gm7),(Ab6),(A6)|Gm7,C7b9|Fmaj7,(Gm7),(Abm7),(Am7)|Bbm7,Eb7b9|Abmaj7,(Bbm7),(Bm7),(Cm7)|Bbm7,E13|Gb69,B7b9,Bb7b9,Bb7b9"
"S.O.S.","Cm7|Bbm7,Eb7|Abmaj7|Dm7b5,G7#5|Cm7,Eb7|Abmaj7,G7#5|Cmaj7|G7"
"S' Wonderful","Ebmaj7|Ebmaj7|Gb07|Gb07|Fm7|Bb7|Eb6,Cm7|Fm7,Bb7"
"S'posin'","Bbmaj7|Bbmaj7|Cm7|F7|Bbmaj7|Bbmaj7|Cm7|F7"
"S'posin'","Bbmaj7|Bbmaj7|Cm7|F7|Bbmaj7|Fm7,Bb7|Eb6|Ab7"
"Salt Peanuts","D7|D7|G7|G7|C7|C7|F7|F7"
"San Francisco Holiday","Am7b5,D7b9|Gm7b5,C7b9|Bb7#5#9|Fm9,Bb13b9|Am7b5,D7b9|Gm7b5,C7b9|Bb7#5#9,(Db69)|B7/D#"
"Satellite","Ebmaj7|Am7b5,D7b9|Gm7|Am7b5,D7b9|Gmaj7|Fm7,Bb7|Ebmaj7,Gb7|Bmaj7,D7"
"Satin Doll","Gm7,C7|Gm7,C7|Fmaj7|Fmaj7|Am7,D7|Am7,D7|G7|G7"
"Save Your Love For Me","Em7,D/F#|Gmaj7,A7sus|Gm7,G7sus|Bbmaj7,Eb7#11|Em7|Em7,A13b9|D,Am7|D6,B7#5#9"
"Save Your Love For Me","Em7|Em7|Gm7|C7#11|Em7|Em7,A13b9|D6,A7#5#9|D6"
"Say It (Over And Over Again)","Ebmaj7,C7|Fm7,Bb7|Eb6,C7#9|Fm7,,Dm7b5,G7|Cm7,F7|Fm7,Bb7|Ebmaj7|Fm7,Bb7"
"Say the Brother's Name","Bbmaj7|Bbmaj7|Am7|Ebmaj7#11|Dm,Dm/C|Bbmaj7,F/A|Abmaj7|Abmaj7,Ab7"
"Scotch And Soda","Abmaj7|Db7|Eb6|Gm7,C7|F7|Fm7,Bb7|Eb6|Eb6(Gm7),(C7)"
"Scrapple From The Apple","Gm7|C7|Gm7|C7|Fmaj7,F7/A|Bbmaj7,B07|Fmaj7,Gm7|Am7,D7"
"Search For Peace","Am7b5,D7b9|G13sus|Am7b5,D7b9|G13sus|Gm11,C7b9|Fm7,Bb13b9|Ebm7,Ab13b9|C#m7,E7/B"
"Second Star To The Right, The","Eb|G7|Cm|Gm|Ab,Bb7|Eb,C7|Fm7,Bb7|Eb"
"Segment","Bbm6|Cm7b5,F7b9|Bbm6|Cm7b5,F7b9|Bbm6|Cm7b5,F7b9|Bbm6|Cm7b5,F7b9"
"Sentimental Journey","C6|C6|C6,(A7)|D7,G7|C6,C7|F7,F#07(Bb7)|C6,A7|D7,G7,C6,"
"Sentimental Journey","C6|C6|C6,(A7)|D7,G7|C6,C7|F7,F#07(Bb7)|C6,A7|D7,G7,C6,"
"September In The Rain","Ebmaj7|Bbm7,Eb7|Abmaj7|Abmaj7|Db7|Fm7,Bb7|Eb6,C7|Fm7,Bb7"
"September Song","F7|Fm7,Bb7|Cmaj7,Dm7|Em7,Am7|D7sus,D7|G7sus,G7|C6|C6"
"Serenade To A Cuckoo","Fm7|Gm7b5,C7|Fm7|Gm7b5,C7|Fm7|Gm7b5,C7|Fm7|F7"
"Serpent's Tooth","Bbmaj7,B07|Cm7,C#07|Dm7,D7#5|Ebmaj7,Ab7#11|Bbmaj7,E9|Ebmaj7,Ab7|Bbmaj7|Bb6"
"Seven Come Eleven","Ab6(Ab),(Fm7)|Ab6(Bbm7),(Eb7)|Ab6(Cm7),(F7)|Ab6(Bbm7),(Eb7)|Ab6(Ab),(Ab7/C)|Ab6(Db),(D07)|Ab6(Bbm7/Eb),(Eb7)|Ab6(Ab)"
"Seven Come Eleven","Ab6(Ab),(Fm7)|Ab6(Bbm7),(Eb7)|Ab6(Cm7),(F7)|Ab6(Bbm7),(Eb7)|Ab6(Ab),(Ab7/C)|Ab6(Db),(D07)|Ab6(Bbm7/Eb),(Eb7)|Ab6(Ab)"
"Seven Steps To Heaven","Fmaj7,Bb7|Em7b5,A7|Dm7,Ab7|G7|Gm7|C7|Eb6,E6|F6"
"Seven Steps To Heaven","Fmaj7,Bb7|Em7b5,A7|Dm7,Ab7|G7|Gm7|C7|Eb6,E6|F6"
"Shaw 'Nuff","Bbmaj7,G7|Cm7,F7|Dm7,G7|Cm7,F7|Fm7,Bb7|Eb7,Ab7|Cm7,F7|Bb6"
"She's Funny That Way","Ebmaj7,Bb7#5|Ebmaj7,Bb7#5|Ebmaj7,D7#5|Gm7b5,C7|F7|Db7|Eb6,Bb7|Eb6"
"Shine","Ebmaj7|Ebmaj7|Fm7|Bb7|Ebmaj7|Ebmaj7|Fm7|Bb7"
"Shiny Stockings","Gm7|C7|Gm7|C7|Fmaj7|Bb7|Am7|Ab07"
"Shiny Stockings","Gm7|C7|Gm7|C7|Fmaj7|Bb7|Am7|Ab07"
"Silver's Serenade","Em9|Em9|Bbm9|Bbm9|Am9|Am9|Ebm9|Ebm9"
"Since I Fell For You","Ab7|Db7|Eb7|Bbm7,Eb7|Ab7|Db7|Ebmaj7,C7b9|Fm7,Bb7"
"Skippy","D7,G7|C7,F7|Bb7,A7|Ab7,Db7|Gb7,F7|Bb7,A7|Ab7|G7"
"Skylark","Ebmaj7,Fm7|Ebmaj7/G,Abmaj7|Ebmaj7,A7#11|Abmaj7,,Gm7,C7|F7|Fm7,Bb7|Eb6,Bb7#9|Eb6,Bb7"
"Slipped Disc","Bb7,Eb7|Abmaj7,B07|Bbm7,Eb7|Ab6,F7|Bb7,Eb7|Abmaj7,B07|Bbm7,Eb7|Ab6"
"Slow Hot Wind","Am9|Am9|Am9|Am9|Dm9|Dm9|Am9|Am9"
"Slow Hot Wind","Am9|Am9|Am9|Am9|Dm9|Dm9|Am9|Am9"
"Smile","Fmaj7|Fmaj7|Fmaj7|Fmaj7|Fmaj7|Ab07|Gm7|D7"
"Smile","Fmaj7|Fmaj7|Fmaj7|Fmaj7|Fmaj7|Ab07|Gm7|D7"
"Smoke Gets In Your Eyes","Ebmaj7,Gb07|Fm7,Bb7|Bbm7,Eb7|Abmaj7,A07|Gm7,Cm7|Fm7,Bb7|Eb6,Cm7|Fm7,Bb7"
"Só Danço Samba","C6|F7|D7|D7|Dm7|G7|C6|F7"
"So Nice (Summer Samba)","Fmaj7|Fmaj7|Bm7|E7b13|Bbmaj7|Bbmaj7|Eb7|Eb7"
"So What","Dm11|Dm11|Dm11|Dm11|Dm11|Dm11|Dm11|Dm11"
"So What","Dm11|Dm11|Dm11|Dm11|Dm11|Dm11|Dm11|Dm11"
"So What","Dm11|Dm11|Dm11|Dm11|Dm11|Dm11|Dm11|Dm11"
"Social Call","B7#11,Bb7b13|Ebm7|Ebm7,Ab7alt|Dbmaj7|Fm7,Em7|Ebm7|Eb7,D7|Dbmaj7"
"Softly, As In A Morning Sunrise","Cm7|Dm7b5,G7b9|Cm7|Dm7b5,G7b9|Cm7|Dm7b5,G7b9|Cm7|Dm7b5,G7b9"
"Solitude","Ab6|A07|Eb6/Bb|Eb7|Ab6|A07|Eb6/Bb,C7b9|Fm7,Bb7"
"Some Other Spring","Cmaj7,G7#5|Em7b5,A7b9|Dm7,Dm7b5|Ab7,G7|C7,B7,Bb7,Bb7|Am7b5,Ab7|C6/G,,D7,G7|C6,Dm7,G7,"
"Some Other Time","Cmaj7,G7sus|Cmaj7,G7sus|Cmaj7,G7sus|C,C/G,F#m7b5,Fm7|Em7,A7|Dm7,G7sus|Cmaj7,G7sus|Cmaj7,G7sus"
"Somebody Loves Me","Fmaj7|Gm7,C7|Fmaj7|Bb7|Am7,D7|Gm7,C7|F6|Gm7,C7"
"Someday You'll Be Sorry","Eb|Eb|D7|D7|Eb|Eb|C7|C7"
"Someone To Watch Over Me","Abmaj7|Abmaj7|Abm6|Eb6/G|Am7b5,D7b9|G7b13|C7|Fm7,Bb7"
"Sometimes I'm Happy","F6,D7|Gm7,C7|Am7,D7|Gm7,C7|F6,D7|Gm7,C7|Am7,D7|Gm7,C7"
"Sometimes I'm Happy","F6,D7|Gm7,C7|Am7,D7|Gm7,C7|F6,D7|Gm7,C7|Am7,D7|Gm7,C7"
"Somewhere","Bb,Bb7|Eb7,Ab|Fm7,Bb7|Eb7,Ab|Bb,Bb7|Gm,Cm|Ab,Db|Bbm,Gb"
"Song For My Father","Fm7|Fm7|Eb7|Eb7|Db7|C7sus|Fm7|Fm7"
"Soon","Ebmaj7|Bbm7,Eb7|Abmaj7|Gm7b5,C7#9|Fm7|Am7b5(Dm7b5),D7b13(G7b9)|Gm7(Cm7),Cm7|Fm7,Bb7"
"Soon","Ebmaj7|Bbm7,Eb7|Abmaj7|Db7|Gm7,Cm7|Fm7,Bb7|Eb6|Fm7,Bb7"
"Sophisticated Lady","Gmaj7,Em7|Am7,D7|Bm7,E7b9|Am7,D7b9|Gmaj7,Em7|Am7,D7|Gmaj7,Cm7|Bbm7,,Cm7b5,F7"
"Soul Eyes","Abmaj7|Am7b5,D7b9|Gmaj7|Abm7,Db7|Gbmaj7|Fm7,Bb7|Ebmaj7|Dm7b5,G7b9"
"Soultrane","Ebmaj7|Gm7b5,C7b9|Fm7|Db7|Abm7,,Db7,D0|Ebmaj7,,G7,C7|F7,Bb7|Eb6,Fm7/Bb"
"Sound Lee","Fm7|Bb7|Fm7|E7|Ebmaj7|Abmaj7#11|Gm7|E7"
"Spring Is Here","Ab07|Ab6|Ab07|Ab6|Cm7b5,F7b9|Bbm7|Cm7,F7|Bbm7,Eb7"
"Spring Is Here","Ab07|Ab6|Ab07|Ab6|Cm7b5,F7b9|Bbm7|Cm7,F7|Bbm7,Eb7"
"Stairway To The Stars","C6,G7#5|Gm7,C7|Fmaj7|Bb7#11|Am7,D7|Dm7,G7|C6,Am7|D7,G7"
"Star Dust","Gbmaj7|Gbmaj7|Gbm/maj7|F#m7,B7|Dbmaj7|Fm7,Bb7|Ebm7,Bb7|Ebm7"
"Star Eyes","Ebmaj7|Fm7,Bb7|Ebmaj7|Ebm7,Ab7|Dbmaj7|Gm7b5,C7b9|Fmaj7|B7,Bb7"
"Star-Crossed Lovers, The","Gbmaj7,G9b5|Dbmaj7/Ab,Bbm7|Ebm7,Ab13|Dbmaj7,G7b5|Gbmaj7,G9b5|Dbmaj7/Ab,Bbm7|Gm7b5,C7b9|Fm"
"Stars Fell On Alabama","Cmaj7,A7|Dm7,G7|Cmaj7,Fmaj7|Em7,A7b9|Dm7|G7|Cmaj7,A7|Dm7,G7"
"Stolen Moments","Cm7|Cm6|Cm7|Cm6|Fm7|Fm6|Cm7|Cm6"
"Stompin' At The Savoy","Dbmaj7|Dbmaj7,Ab7|Dbmaj7|Dbmaj7,D07|Ebm7|Ab7|Db6|Ebm7,Ab7"
"Stormy Weather","Gmaj7,E7|Am7,D7|Gmaj7,E7|Am7,D7|G6,E7|Am7,D7#5|G6,E7#9|Am7,D7"
"Straight Life","F7|Eb7|F7|Eb7|F7|Eb7|F7|Eb7"
"Strangers In The Night","Fmaj7|Fmaj7|Fmaj7|Fmaj7|Fmaj7|F/A,Ab07|Gm6,Eb/G|Gm6,Eb/G"
"Strangers In The Night","Fmaj7|Fmaj7|Fmaj7|F/A,Ab07|Gm7|C7b9|F6|F6"
"Street Of Dreams","F7|Fm7,Bb7|Ebmaj7,Abmaj7|Gm7,C7#5|F7|Fm7,Bb7|Ebmaj7,Bb7#5|Bbm7,Eb7"
"Strike Up The Band","Ebmaj7|Ebmaj7|E07|E07|Fm7|Bb7|Ebmaj7(Bbm7)|Bbm7(Eb7),Eb7"
"Strollin'","Dbmaj7|Dbmaj7|Em7,A7|Ebm7,Ab7|Dbmaj7|Dbmaj7|Abm7,Db7|Gm7,C7"
"Subconscious Lee","Gm7b5|C7b9|Fm7|Fm7|Dm7b5|G7b9|Cmaj7|Cmaj7"
"Subconscious Lee","Gm7b5|C7b9|Fm7|Fm7|Dm7b5|G7b9|Cmaj7|Cmaj7"
"Suddenly It's Spring","Cm7|D7|Gm7|C7|Cm7|F7|Bbmaj7|Dm7b5,G7b9"
"Suddenly It's Spring","Cm7|D7|Gm7|C7|Cm7|F7|Bb6|Dm7b5,G7b9"
"Summer Knows, The","Fm9|C7b9/E|Fm9/Eb|Dm7b5|Bbm9|F7b9/A|Bbm9/Ab,Gm7b5|C7b9sus,C7b9"
"Summer Night","Cm7|G7b9|Cm7|G7b9|Cm7,Bm7|Bbm7,Eb7|Abmaj7|Dbmaj7#11"
"Sunshower","Am7|Bm7b5|Am7|Bm7b5|Am7|Bm7b5|Am7|Bm7b5"
"Surrey With The Fringe On The Top","Bbmaj7,B07|Cm7,F7|Bbmaj7,B07|Cm7,F7|Bbmaj7,B07|Am7b5,D7|Gm7,C7|Cm7,F7"
"Surrey With The Fringe On The Top","Bbmaj7,B07|Cm7,F7|Bbmaj7,B07|Cm7,F7|Bbmaj7,B07|Am7b5,D7|Gm7,C7|Cm7,F7"
"Sway","Am7b5,D7|Am7b5,D7|Gm7|Gm7|Eb7,D7|Eb7,D7|Gm7|Gm7"
"Sweet And Lovely","Gm7|C7|Gm7|C7|F7|Bbmaj7,Eb7|Cmaj7,G7|C6"
"Sweet And Lovely","Gm7|C7|Gm7|C7|F7|Bbmaj7,Eb7|Cmaj7,G7|C6"
"Sweet Lorraine","G6,F7,E7,|Am7,,D7,B7/D#|Em7,Eb7,Dm7,G7|C7,B7b9|E7,A7|Am7,D7|G6,,C7,C#0|G6/D,D7"
"Sweet Sue, Just You","Am7|D7|Am7|D7|G6|C7|G6|Bm7b5,E7b9"
"Swinging At The Haven","Bb13sus|Bb13sus|Bb13sus|Bb13sus|Ab13sus|Ab13sus|Ab13sus|Ab13sus"
"Tadd's Delight","Bbm7|Bbm7,Eb7b9|Abmaj7|Cm7b5,F7|Bbm7|Bbm7,Eb7b9|Abmaj7|Ebm7,Ab7"
"Tadd's Delight","Bbm7|Bbm7,Eb7b9|Abmaj7|Cm7b5,F7|Bbm7|Bbm7,Eb7b9|Abmaj7|Ebm7,Ab7"
"Take The A Train","C6|C6|D7#11|D7#11|Dm7|G7|C6|Dm7,G7"
"Taking A Chance On Love","Fmaj7,Dm7|Gm7,D7|Gm7,C7|Fmaj7,A7|Dm7|G7|Gm7,C7|F6,,(Gm),(C7)"
"Tangerine","Gm7|C7|F6,Bb7|Am7,D7#9|Gm7,C7|Gm7,C7|Fmaj7|D7b9"
"Tangerine","Gm7|C7|F6,Bb7|Am7,D7#9|Gm7,C7|Gm7,C7|Eb7|D7b13"
"Tautology","Fmaj7|A7b9|Dm7|D7b13|Gm7|C7|Fmaj7,Dm7|Gm7,C7"
"Tautology","Fmaj7|A7b9|Dm7|D7b13|Gm7|C7|Fmaj7,Dm7|Gm7,C7"
"Tea For Two","Bbm7,Eb7|Bbm7,Eb7|Abmaj7,Db7|Cm7,F7|Bbm7,Eb7|Bbm7,Eb7|Abmaj7|Abmaj7"
"Tea For Two","Bbm7,Eb7|Bbm7,Eb7|Abmaj7,Db7|Cm7,F7|Bbm7,Eb7|Bbm7,Eb7|Cm7b5|F7b9"
"Teach Me Tonight","Ebmaj7,Ab7|Gm7,C7b13|Fm7,Bb7|Gm7b5,C7b9|Fm7|Bb7|Eb6,Cm7|Fm7,Bb7"
"Tempus Fugit","Gm7,A7b9|Dm7|A7b9|Dm7|Gm7,A7b9|Dm7|E7,A7b9|Dm7"
"Tempus Fugit","Gm7,A7b9|Dm7|A7b9|Dm7|Gm7,A7b9|Dm7|E7,A7b9|Dm"
"Tenderly","Ebmaj7|Ab7|Ebm7|Ab7|Fm7|Db7#11|Ebmaj7|Gm7b5,C7b9"
"Tenderly","Ebmaj7|Ab7|Ebm7|Ab7|Fm7|Db7#11|Ebmaj7|Gm7b5,C7b9"
"Thanks For The Memory","Gm7,C7|F6|F6,F#07|Gm7,C7,F6,|F#07,Gm7|A07,Bb6|Gm7,C7|F6,D7b9"
"That Ole Devil Called Love","Bbm7,Eb7|Ab6|Cm7|F7|Bbm7|Bbm7b5,Eb7|Bbm7,,Bbm7/Eb,Eb7|Ab6"
"That's All","Bbmaj7,Cm7|Dm7,,Cm7,F7|Bbmaj7,Eb7|Dm7,G7|Em7b5,Ebm7|Bbmaj7/D,G7#9|Cm7,F7|Bb6,F7"
"That's Life","Gmaj7|F#m7,B7|Em7|A7|Gmaj7,B7|Em7|A7|Am7,D7"
"That's Life","Gmaj7|F#m7,B7|Em7|A7|Gmaj7,,F#m7,Fm7|Em7|A7,D7|G6"
"That's Life","Gmaj7|F#m7,B7|Em7|A7|Gmaj7,,Fm7b5,B7|Em7|A7b9,D7b13|G6"
"Them There Eyes","Abmaj7|Abmaj7|Abmaj7|Abmaj7|Ab6|F7|Bb7|Bb7"
"Them There Eyes","Abmaj7|Abmaj7|Abmaj7|Abmaj7|Ebm7|Ab7|Dbmaj7|Dbmaj7"
"Theme, The","Bbmaj7,G7|Cm7,F7|Dm7,G7|Cm7,F7|Fm7,Bb7|Eb7,Ab7|Cm7,F7|Bb6"
"There Is No Greater Love","Bbmaj7|Eb7|Ab7#11|G7|C7|Cm7,F7|Bb6|Cm7,F7"
"There Will Never Be Another You","Ebmaj7|Ebmaj7|Dm7b5|G7b9|Cm7|Cm7|Bbm7|Eb7"
"There Will Never Be Another You","Ebmaj7|Ebmaj7|Dm7b5|G7b9|Cm7|Cm7|Bbm7|Eb7"
"There'll Be Some Changes Made","G7|G7|C7|C7|D7|G7|C7|C7,F7"
"There's A Small Hotel","Gmaj7|Gmaj7|Gmaj7,C7|Bm7,Bb07|Am7,Ab07|Am7,D7|Gmaj7|Am7,D7"
"There's No You","Fmaj7|Eb7|Fmaj7|Db7|Fmaj7|Am7,Ab07|Gm7,C7|Fmaj7,(C7)"
"These Foolish Things","Ebmaj7,Cm7|Fm7,Bb7|Ebmaj7,Cm7|Fm7,Bb7|Bbm7,Eb7|Abmaj7,,G7,C7|F7,Bb7|Eb6,,Fm7,Bb7"
"They All Laughed","Gmaj7,Em7|Am7,D7|Am7,D7|Gmaj7,D7sus|Gmaj7,Em7|Am7,D7|G6|Am7,D7"
"Things We Did Last Summer, The","Cm7,F7|Cm7,F7|Bbmaj7,F7|Bbmaj7|Dm7,G7|Dm7,G7|C7,Ab7|Gm7,C7"
"Think Of One","F,B9b5|Dm7,Eb9|Ab13,Db7|Gb13|F,B9b5|Dm7,Eb9|Ab7,Db7|Gb7"
"Think Of One","F,B9b5|Dm7,Eb9|Ab13,Db7|Gb13|F,B9b5|Dm7,Eb9|Ab7,Db7|Gb7"
"This Can't Be Love","Fmaj7|Fmaj7|Bb7|Bb7|Fmaj7|Dm7|Gm7|C7"
"This Can't Be Love","Fmaj7|Fmaj7|Bb7|Bb7|Am7,Dm7|Gm7,C7|F6|F6"
"This Can't Be Love","Fmaj7|Fmaj7|Bb7|Bb7|Am7,Dm7|Gm7,C7|F6|F6"
"This I Dig Of You","Bbmaj7/F|Cm7/F|Dm7/F|Cm7/F|Dm7/F|Cm7/F|Bbmaj7/F|Fm7,Bb7"
"This I Dig Of You","Bbmaj7/F|Cm7/F|Dm7/F|Cm7/F|Dm7/F|Cm7/F|Bbmaj7/F|Fm7,Bb7"
"This Is All I Ask","Fmaj7|D7b13|Gm7,C7|Fmaj7|Fmaj7,Dm7|Gm7,C7|Fmaj7|Bm7b5,E7b9"
"This Is All I Ask","Fmaj7|D7b13|Gm7,C7|Fmaj7|Fmaj7,Dm7|Gm7,C7|Fmaj7|A7b13"
"This Time The Dream's On Me","Gmaj7|E7b13|Am7|Cm7,F7|Bm7,E7|Am7,D7|G6,Em7|Am7,D7"
"Thou Swell","Fm7|Bb7|Fm7|Bb7|Ebmaj7|Ab7|Ebmaj7|Am7b5,D7b9"
"Thou Swell","Fm7|Bb7|Fm7|Bb7|Ebmaj7|Ab7|Ebmaj7|Am7b5,D7b9"
"Three Little Words","Cmaj7|Cmaj7|Cmaj7|Ebm7,Ab7|Dm7|G7|Dm7|G7"
"Three Little Words","Cmaj7|Cmaj7|Cmaj7|Ebm7,Ab7|Dm7|G7|C6|Dm7,G7"
"Thriving From A Riff","Bbmaj7,G7|Cm7,F7|Dm7,G7|Cm7,F7|Bbmaj7,Bb7|Eb7,Ab7|Cm7,F7|Bb6"
"Tickle-Toe","Bbm7,F7|Bbm7,F7|Bbm7|Bb7|Ebm7,Bb7|Ebm7,Bb7|Ebm7|Abm7,Db7"
"Tickle-Toe","Bbm7,F7|Bbm7,F7|Bbm7|Bb7|Ebm7,Bb7|Ebm7,Bb7|Ebm7|Abm7,Db7"
"Till There Was You","Ebmaj7|E07|Fm7|Abm7,Db9|Gm7,Gb07|Fm7,Bb7|Eb6|Fm7,Bb7"
"Tin Tin Deo","Fm6,Ebm6|Dbmaj7,C7#5|Fm6,D7#9|Gm7b5,Gb7|Fm6,Ebm6|Dbmaj7,C7#5|Fm7,Bb7|Eb7,D7b5#9"
"Tiny Capers","Bb6,D7|Gm7,Bb7|Ebmaj7,G7|Cm7,C#07|Dm7,Eb7|Dm7,G7|Cm7,F7|Bb6,F7"
"Tippin'","Bb6,G7b9|Cm7,C#07|Bb/D,G7b9|Cm7,F7|Bb7|Eb6,E07|Bb/F,Gm7|C7,,F7,Bb"
"Tis Autumn","Fm7|Bb7#5|Ebmaj7,Fm7|Gm7,C7b9|Fm7,Db7#11|Cm7,F7|Fm7,Bb7|Eb6,C7b9#5"
"Tonight I Shall Sleep","Dbmaj7|Cm7b5,F7b9|Bbm7,Bbm7/Ab|Gm7b5,Gb7#11|Fm7b5,Bb7b9|Fm7b5,Bb7b9|Eb7|Eb7"
"Tonight I Shall Sleep","Dbmaj7|Cm7b5,F7b9|Bbm7,Bbm7/Ab|Gm7b5,Gb7#11|Fm7b5,Bb7b9|Fm7b5,Bb7b9|Eb7,A7|Ab7,G7"
"Tonight You Belong To Me","Cmaj7|Em7|Fmaj7|Cmaj7,A7|Dm7,Fm6|Cmaj7,Am7|D7,G7|Cmaj7,G7"
"Too Close For Comfort","Cmaj7|B7#5|Em7b5|A7b13|Dm7b5|G7|Cmaj7|Gm7,C7"
"Too Marvelous For Words","Am7|D7|Gmaj7,F7|E7b9|Am7|F7|Am7,D7|G6"
"Too Young To Go Steady","Fmaj7,Dm7|Gm7,C7|Fmaj7,Dm7|Gm7,C7|Am7,D7|Gm7,C7|F6,D7|Gm7,C7"
"Touch Of Your Lips, The","Cmaj7,Am7|Dm7,G7|Cmaj7,Am7|Dm7,G7|Cmaj7,Am7|Dm7,G7|Em7b5|A7b9"
"Touch Of Your Lips, The","Cmaj7,Am7|Dm7,G7|Cmaj7,Am7|Dm7,G7|Cmaj7,Am7|Dm7,G7|Em7b5|A7b9"
"Tour De Force","Dm7b5,Dbm7|Cm7,Bm7|Bbm7,Eb7|Cm7,Bm7|Dm7b5,Dm7|Cm7,Bm7|Bbm7,Eb7|Ab6"
"Toy Tune","Bbm9,Am9,Cm7,Bm7|Bm7|Db/A|Bbm7,Bmaj7|Gbmaj9,Em69|Dmaj9,Gm9|Fmaj9|E7alt"
"Toys","Bb7(F7)|Bb7(F7)|F7|F7|E7#9|Db|Cm7|Cm7"
"Training","Dm7,G7|Cm7|C#m7,F#7|Bmaj7|Bbm7,Eb7|Abmaj7|Bbm7,Eb7|Abmaj7"
"Training","Dm7,G7|Cm7|C#m7,F#7|Bmaj7|Bbm7,Eb7|Abmaj7|Gm7b5,C7|Fm7"
"Travels","Gmaj7|Gmaj7/B|Cmaj7,Cmaj7/D|Gmaj7,B7|Em7,Dm9|Cmaj7|Em7,C/D|Gadd9,C/D"
"Tricotism","A7|A7|Dbmaj7|Cm7b5,F7b9|Bbm,Bbm/maj7|Bbm7,Eb7|Ebm7|Ab7"
"Trinkle Tinkle","Bbm7,Eb7|A7#11|Ab7,Db7|F#7,B7|E7,Fm7|Bb7#5,Ebmaj7|Ebmaj7|Ebmaj7"
"Trinkle Tinkle","Bbm7,Eb7|A7#11|Ab7,Db7|F#7,B7|E7,Fm7|Bb7#5,Ebmaj7|Ebmaj7|Ebmaj7"
"Troubled Waters","Dm6|Gm7,E7|A7|D7|G7|C7|F6|Bb7,A7"
"Try A Little Tenderness","Ebmaj7,Cm7|Fm7,Bb7|Eb6,Gm7b5/Db|C7|F7|Bb7|Eb6|Fm7,Bb7"
"Two For The Road","Em7,B7b13|Em7,A7b9|Dm7,A7b13|Dm7,G7b9|Em7b5,A7b9|Dm7b5,G7b9|Cmaj7,Cmaj7/B|Am7,Am7/G"
"Two Not One","Dbmaj7|Dbm/maj7|Abmaj7|F7#11|Bbm7|Eb7|Abmaj7|Ab7"
"Two Not One","Dbmaj7|Dbm/maj7|Abmaj7|F7#11|Bbm7|Eb7|Abmaj7|Ab7"
"Two Sleepy People","Eb6,Gb07|Fm7,Bb7|Eb6,C7|Fm7,Bb7|Gm7,C7|Fm7,Ab6|Eb,C7,F7,Bb7|Eb6,Bb7"
"Undecided","C6|C6|F7|F7|D7|Dm7,G7|C6|C6"
"Under A Blanket Of Blue","Bbm7|Eb7#5|Abmaj7,Cm7|F7|Bbm7|Eb7|Abmaj7,Dbm6|Ab6"
"Unforgettable","Gmaj7|Gmaj7|Bb07|Bb07|Cmaj7|Cmaj7|Em7|A7"
"Unforgettable","Gmaj7|Gmaj7|Bb07|Bb07|Cmaj7|Cmaj7|Em7|A7"
"Unity Village","Am|E7|Fmaj7|Fmaj7|Am|E7|Fmaj7|Bbmaj7#11"
"Upper Manhattan Medical Group","Fm7b5|Bb7b9|Ebm7|Ab7|Db07|Db6|Db07|Db6"
"Very Thought Of You, The","Abmaj7,Dbmaj7|Cm7,Eb7sus|Ab6,Dbmaj7|Cm7,Eb7sus|Ab6,Bbm7|B07,Ab6/C|Bb7|Bb7"
"Very Thought Of You, The","Abmaj7,Dbmaj7|Cm7,Eb7sus|Ab6,Dbmaj7|Cm7,Eb7sus|Ab6,Bbm7|B07,Ab6/C|Bb7|Bb7"
"Violets For Your Furs","Gm7,C7|Fmaj7|Bbm7,Eb7|Fmaj7,D7b9|Gm7,C7|Fmaj7|Am7,D7b9|Gm7,D7b9#5"
"Violets For Your Furs","Gm7,C7|Fmaj7|Bbm7,Eb7|Fmaj7,D7b9|Gm7,C7|Fmaj7|Am7,D7b9|Gm7"
"Virgo","Fmaj7|Bbm7,Eb7|Dm7b5,Bb7#11|Amaj7|Am7|Fm7,Bb7|Em7b5,Eb7#11|Dmaj7"
"Voyage","Fm6|Fm6|F#m6|F7b9|Bbm7|Gm7b5,C7b9|Fm6|Gm7b5,C7b9"
"Walkin' My Baby Back Home","Ebmaj7,Bb7|Ebmaj7,Bb7|Ebmaj7,C7|F7|Fm7,Bb7|Fm7,Bb7|Fm7,Bb7|Eb6"
"Walkin' up","Cmaj7,Bbmaj7|Abmaj7,Gbmaj7|Fmaj7,B13|Emaj7,Amaj7#11|Ebmaj7,Abmaj7|Dbmaj7,Gbmaj7|Bmaj7,Emaj7|Amaj7,Dmaj7"
"Walkin' up","Cmaj7,Bbmaj7|Abmaj7,Gbmaj7|Fmaj7,B13|Emaj7,Amaj7#11|Ebmaj7,Abmaj7|Dbmaj7,Gbmaj7|Bmaj7,Emaj7|Amaj7,Dmaj7"
"Warm Valley","Bbmaj7|E7|Eb7,,Em7b5,A7|D7|Dm7b5,G7b9|Cm7b5|Bbmaj7,F7sus|Bbmaj7,F7"
"Wave","Gm7/Bb|C7/Bb|Fmaj7/A|Fmaj7/A|Fm7/Ab|Bb7/Ab|Ebmaj7/G|A7b9"
"Wayne's Thang","Em7|Em7|C6|C6|B7b9b13|B7b9b13|Em7|Em7"
"Wayne's Thang","Em7|Em7|C6|C6|B7b9b13|B7b9b13|Em7|Em7"
"We See","Bbmaj7,Ab7|Gb7|Cm7|F7|Fm7,Bb7b9|Ebmaj7,Ab7|C7|F7"
"We See","Bbmaj7,Ab7|Gb7|Cm7|F7|Fm7,Bb7b9|Ebmaj7,Ab7|C7|F7,Bbmaj7"
"We'll Be Together Again","C6,C6,Ab7,|Dm7,G7|Am7|D7#11|Bbm7,Eb7|Abmaj7,Dbmaj7|Dm7b5,G7|C6,,Dm7,G7"
"Webb City","Bbmaj7,Gm7|Cm7,C#07|Dm7,G7b9|Cm7,F7|Bb7|Eb7,Ebm7|Cm7,F7|Bb6"
"Well You Needn't","F6|Gb7|F6|Gb7|F6|Gb7|F6|F6"
"Well You Needn't","F6|Gb7|F6|Gb7|F6|Gb7|F6|F6"
"What Are You Doing New Year's Eve?","Fmaj7|Eb7|Fmaj7,F7|Bbmaj7,Eb7|Fmaj7,Dm7|G7|C7,C7b9|F6,C7sus"
"What Is This Thing Called Love","Gm7b5|C7b9|Fm6|Fm6|Dm7b5|G7#5|Cmaj7|Cmaj7"
"What Is This Thing Called Love","Gm7b5|C7b9|Fm6|Fm6|Dm7b5|G7#5|Cmaj7|Cmaj7"
"What's New","C6|Bbm7,Eb7|Abmaj7|Dm7b5,G7b9|Cm7,Am7b5|Dm7b5,G7b9|C6,Am7|Dm7,G7"
"When I Fall In Love","Ebmaj7,C7|Fm7,Bb7|Ebmaj7,C7|Fm7,Bb7|Ebmaj7,Ab7|G7b9,C7b9|F7|Bb7"
"When I Fall In Love","Ebmaj7,C7|Fm7,Bb7|Ebmaj7,C7|Fm7,Bb7|Ebmaj7,Ab7|G7b9,C7b9|F7|Bb7"
"When It's Sleepy Time Down South","Fmaj7|Bb7#11|Cmaj7,Am7|D7|G7,G7/F|E7sus,E7|Fmaj7,Bb7|C6,C7"
"When Lights Are Low","Ebmaj7,Fm7|Gm7,Fm7|Ebmaj7,Fm7|Gm7,C7#9|Fm7,Bb7|Gm7,C7|Fm7,Bb7|Eb6,Bb7"
"When Sunny Gets Blue","Gm7,C7|Bbm7,Eb7|Fmaj7,Gm7|Am7,D7|Bm7b5,,Bbm7,Eb7|Fmaj7/A,,Abm7,Db7|Gm7,C7|Fmaj7"
"When The Sun Comes Out","C7,Bb7|Am7,D7|C7,C#07|D7sus,D7|Dm7,G7|Cmaj7,F7|Bm7,E7|Am7,D7"
"When The Sun Comes Out","C7,Bb7|Am7,D7|C7,C#07|D7sus,D7|Dm7,G7|Cmaj7,F7|Bm7,E7|Am7,D7"
"When You Wish Upon A Star","Cmaj7,A7b13|Dm7|G7|C6,F7|Em7,Eb07|Dm7,G7|Dm7,G7|C6"
"When You're Smilin'","Fm7|Bb7|Eb6|Eb6|Gm7|C7|Cm7|F7"
"When Your Lover Has Gone","Gmaj7|G6|Gm6|C7|A7|A7|Cm6|F7"
"When Your Lover Has Gone","Gmaj7|G6|Gm6|C7|A7|A7|Cm6|F7"
"Where Are You?","Gmaj7,C7|Bm7,Bb07|Am7,D7sus|Gmaj7,Em7|A7,Bb07|Bm7,E7|Am7,D7|G6,Am7,D7,"
"Where Or When","Eb|Eb6|Ebmaj7|Ebmaj7|Abmaj7|Abmaj7|Abmaj7|Fm7,Bb7sus"
"Whisper Not","Cm7,Cm7/Bb|Am7b5,D7b9|Gm7,Gm7/F|Em7b5,A7b9|Dm7,Bm7b5|Em7b5,A7b9|Dm7,Em7|Fm7,G7b9"
"Who Can I Turn To","Ebmaj7|Ebmaj7|Fm7|Bb7|Ebmaj7,Fm7|Gm7,Abmaj7|Bbm7|Eb7"
"Who Can I Turn To","Ebmaj7|Ebmaj7|Fm7|Bb7|Ebmaj7,Fm7|Gm7,Abmaj7|Bbm7|Eb7"
"Why Do I Love You?","Abmaj7|Fm7|Bbm7|Eb7|Abmaj7|F7|Bbm7|Eb7"
"Willow Weep For Me","G7,C7|G7,C7|G7,,Am7,Bb0|G6/B,Am7,Dm7,Db7|C7,Db7#11|C7,,Am7,D7|G7,C7|G7,D7"
"With The Wind And The Rain In Your Hair","Eb07|Eb07|Ebmaj7,Fm7|Gm7,G7b9|Cm7|F7|Fm7|Bb7"
"Woody'n You","Gm7b5|C7b9|Fm7b5|Bb7b9|Ebm7b5|Ab7b9|Dbmaj7|Dbmaj7"
"Woody'n You","Gm7b5|C7b9|Fm7b5|Bb7b9|Ebm7b5|Ab7b9|Dbmaj7|Dbmaj7"
"Wow","Gm7|C7|F6,Gm7|Am7,Abmaj7|Gmaj7|Gbm7|Fmaj7|F#07"
"Wow","Gm7|C7|F6,Gm7|Am7,Abmaj7|Gmaj7|Gbm7|Fmaj7|F#07"
"Wrap Your Troubles In Dreams","Cmaj7,F7|Em7,A7|Dm7,E7|Am7,C7|Fmaj7,F#07|Cmaj7/G,A7|D7,G7|Cmaj7,G7"
"Yardbird Suite","C6|Fm7,Bb7|C7,Bb7|A7|D7|G7|C6|Dm7,G7"
"Yesterday's Gardenias","Bbmaj7,Cm7|Dm7,G7b9|Cm7,B07|Cm7,F7|Bbmaj7,Eb7#11|Dm7,Gm7|Em7|A7"
"Yesterday's Gardenias","Bbmaj7,Cm7|Dm7,G7b9|Cm7,B07|Cm7,F7|Bbmaj7,Eb7#11|Dm7,Gm7|Em7,A7|Am7b5,D7b9"
"You And The Night And The Music","Ab7|Ab7|G7|G7|Ab7|Ab7|G7,Ab7|G7"
"You And The Night And The Music","Cm|Dm7b5,G7b9|Cm,C7b9|Fm7|Dm7b5,G7b9|Cm,Am7b5|Dm7b5,G7b9|Cm"
"You Are Too Beautiful","Fmaj7,F#07|C6/G,A7b9|Dm7,G7b9|Cmaj7|Bm7b5,E7b9|Am7,E7b9|Am7,D7|Dm7,,Em7,A7"
"You Better Go Now","Ebmaj7,Bb7#5|Ebmaj7,E07|Fm7,Bb7|Fm7,Bb7|Ebmaj7,Bb7#5|Ebmaj7,E07|Fm7,Bb7|Fm7,Bb7"
"You Brought A New Kind Of Love To Me","Bbm7|Eb7|Ab7,G7|Gb7,F7|Bb7|Eb7|Ab6,F7|Bbm7,Eb7"
"You Can Depend On Me","Gm7|C7|Fmaj7|Am7,Ab07|Gm7|C7|F6|Am7b5,D7"
"You Don't Know What Love Is","Fm7|Db7,C7b9|Fm7,C7b9|Db7|Gm7b5,C7b9|Fm7,E7,Ebm7,D7|Db7,C7b9|Fm6"
"You Go To My Head","Ebmaj7,Gm7|Abm7,Db7|Gbmaj7|Fm7b5,Bb7b13|Ebm7,Cm7b5|Fm7b5,Bb7b13|Ebmaj7|Bbm7,Eb7"
"You Keep Coming Back Like A Song","Ebmaj7|Fm7,Bb7|Ebmaj7|Fm7,Bb7|Ebmaj7,E07|Fm7,Bb7|Ebmaj7|Eb7"
"You Make Me Feel So Young","Bbmaj7,B07(G7b9#5)|Cm7,F7(C#07)|Bbmaj7(Dm7),B07(G7#5)|Fm7/C(Gb9),F7|Bbmaj7,Bb7(E7b5)|Ebmaj7,Eb6(E07)|Dm7(Bb6/F),Db07(G7#5)|Cm7,F7"
"You Must Believe In Spring","C#m7b5,F#7b9|F#7b9/B,Bm7|Em7,A7|A7b9/D,Dmaj7|G#m7b5,C#7b9|F#m7b5,B7b9|Em7,A7|Dmaj7,,G#7#5(C#m7b5),(F#7)"
"You Stepped Out Of A Dream","Cmaj7|Cmaj7|Dbmaj7|Dbmaj7|Bbm7|Eb7|Abmaj7|Abmaj7"
"You Stepped Out Of A Dream","Cmaj7|Cmaj7|Dbmaj7|Dbmaj7|Bbm7|Eb7|Gb7#11|F7"
"You Took Advantage Of Me","Eb6,E07|Fm7,Bb7|Gm7,Gb07|Fm7,Bb7|Bbm7,Eb7|Abmaj7,Db7|Gm7,C7,Fm7,Bb7|Eb6,,Fm7,Bb7"
"You Won't Forget Me","Am7b5|D7b9|Gm7|C7|Cm7|F7b9|Bbm7|G7b9"
"You'd Be So Nice To Come Home To","Am7|Bm7b5,E7b9|Am7|Am7|Gm7|C7|Fmaj7|Fmaj7"
"You'd Be So Nice To Come Home To","Am7|Bm7b5,E7b9|Am7|Am7|Gm7|C7|Fmaj7|Fmaj7"
"You're Blasé","Fmaj7|Ab07|Gm7,F#07|Gm7,F#07|Gm7|C7|F6,Bb7|F6"
"You're My Thrill","E7|Bm7b5|E7|Bm7b5,E7|Em7b5|A7b9|D7,Bb7|Am7,F7"
"You're Nobody Till Somebody Loves You","Ebmaj7|G7|C7|C7|Fm7|Bb7|Eb6|Eb6"
"You're Nobody Till Somebody Loves You","Ebmaj7|G7|C7|C7|Fm7|C7|Fm7|Fm7"
"You've Changed","Ebmaj7|Am7b5,D7b13|Gm7b5|C7,C7b13|F7|B7,Bb7|Eb6|Fm7,Bb7"
"Young And Foolish","Cmaj7,Am7|Dm7,G7|Cmaj7|Gm7,C7|Fmaj7|Em7b5,A7b9|Dm7|G7sus,G7"
"Young And Foolish","Cmaj7,Am7|Dm7,G7|Cmaj7|Gm7,C7|Fmaj7|Em7b5,A7b9|Dm7|G7sus,G7"
"Young At Heart","Bbmaj7|Bbmaj7,Db07|Cm7|Cm7|F7,Cm7|F7,F7#5|Bbmaj7|Bbmaj7"
"Yours Is My Heart Alone","Bm7b5|E7b9|Am7|D7|Gm7|C7|F6|F6"
"Zoltan","Cmaj7#11|Cmaj7#11|Cmaj7#11|Cmaj7#11|Bbmaj7#11|Bbmaj7#11|Bbmaj7#11|Bbmaj7#11"
"Zoltan","Cmaj7#11|Cmaj7#11|Cmaj7#11|Cmaj7#11|Bbmaj7#11|Bbmaj7#11|Bbmaj7#11|Bbmaj7#11"
