"Title","ChordProgression","Key","RomanNumeralProgression"
"9.20 Special","D9|Fm6|D9|Fm6|C|C7,B7,Bb7,A7|D9|G7,C6","C","II9|IVm6|II9|IVm6|I|I7,VII7,#VI/♭VII7,VI7|II9|V7,I6"
"26-2","Fmaj7,Ab7|Dbmaj7,E7|Amaj7,C7|Cm7,F7|Bbmaj7,Db7|Gbmaj7,A7|Dm7,G7|Gm7,C7","F","Imaj7,#II/♭III7|#V/♭VImaj7,VII7|IIImaj7,V7|Vm7,I7|IVmaj7,#V/♭VI7|#I/♭IImaj7,III7|VIm7,II7|IIm7,V7"
"52nd Street Theme","C,Am7|Dm7,G7|C,Am7|Dm7,G7|C,Am7|Dm7,G7|C,G7|C","C","I,VIm7|IIm7,V7|I,VIm7|IIm7,V7|I,VIm7|IIm7,V7|I,V7|I"
"A Beautiful Friendship","Cmaj7|Gb7#11|Fmaj7|Em7b5,A7b9|Am7|D7|Dm7|G7","C","Imaj7|#IV/♭V7#11|IVmaj7|IIIm7b5,VI7b9|VIm7|II7|IIm7|V7"
"A Blossom Fell","Bb6,B0|Cm7|F7,F7#5|Bb6|Bbmaj7/D,Db0|Cm7,F7|Cm7,F7|Bb6,B0,F7/C,F7","Bb","I6,#I/♭II0|IIm7|V7,V7#5|I6|Imaj7/III,#II/♭III0|IIm7,V7|IIm7,V7|I6,#I/♭II0,V7/II,V7"
"A Certain Smile","Gm7|C7|F6|Dm7|Gm7|C7|Fmaj7|Fmaj7","F","IIm7|V7|I6|VIm7|IIm7|V7|Imaj7|Imaj7"
"A Felicidade","Cmaj7(Am7)|Cmaj7(Am7)|Cmaj7|Cmaj7|Em7|B7b9|Em7,A7|Dm7,G7","C","Imaj7(VIm7)|Imaj7(VIm7)|Imaj7|Imaj7|IIIm7|VII7b9|IIIm7,VI7|IIm7,V7"
"A Fine Romance","C6|C#07|Dm6|D#07|Em7|Am7|Dm7|G7","C","I6|#I/♭II07|IIm6|#II/♭III07|IIIm7|VIm7|IIm7|V7"
"A Flower Is A Lovesome Thing","B7#11|B7#11|B7#11|B7#11|Bb7b13,Eb7|Ab7b13,Db7|Dmaj7(F#m7),Eb7,D|Db6","E","V7#11|V7#11|V7#11|V7#11|#IV/♭V7b13,VII7|III7b13,VI7|#VI/♭VIImaj7(IIm7),VII7,#VI/♭VII|VI6"
"A Foggy Day","Fmaj7|D7b9|Gm7|C7|F6|Ab7|G7|C7","F","Imaj7|VI7b9|IIm7|V7|I6|#II/♭III7|II7|V7"
"A Ghost Of A Chance","Dm7|G7#5|Cmaj7,G7|Cmaj7,Am7|F#m7b5|B7b9|Em7,A7|Dm7,G7#5","C","IIm7|V7#5|Imaj7,V7|Imaj7,VIm7|#IV/♭Vm7b5|VII7b9|IIIm7,VI7|IIm7,V7#5"
"A Kiss To Build A Dream On","Cmaj7,Dm7|Em7,Eb07|Dm7,A7b9|Dm7,G7|Dm7,A7b9|Dm7,G7|C6,Am7|Dm7,G7","C","Imaj7,IIm7|IIIm7,#II/♭III07|IIm7,VI7b9|IIm7,V7|IIm7,VI7b9|IIm7,V7|I6,VIm7|IIm7,V7"
"A Lovely Way To Spend An Evening","Bbmaj7|Gm7,C7|Am7|Dm7|Gm7|C7|Fmaj7|Cm7,F7","F","IVmaj7|IIm7,V7|IIIm7|VIm7|IIm7|V7|Imaj7|Vm7,I7"
"A Night In Tunisia","Eb7|Dm6|Eb7|Dm6|Eb7|Dm6|Em7b5,A7b9|Dm","D-","#I/♭II7|Im6|#I/♭II7|Im6|#I/♭II7|Im6|IIm7b5,V7b9|Im"
"A Nightingale Sang In Berkeley Square","Ebmaj7,Cm7|Gm7,Bbm7,Eb7|Abmaj7,Dm7b5,G7|Cm,Abm6|Ebmaj7/Bb,Fm7|Ebmaj7/G,,Abm7,Db7|Ebmaj7,Cm7|Fm7,Bb7","Eb","Imaj7,VIm7|IIIm7,Vm7,I7|IVmaj7,VIIm7b5,III7|VIm,IVm6|Imaj7/V,IIm7|Imaj7/III,NANA,IVm7,#VI/♭VII7|Imaj7,VIm7|IIm7,V7"
"A Sleepin' Bee","Abmaj7,Eb7sus|Abmaj7,Eb7sus|Abmaj7,D7|Dbmaj7,Gb7sus|Abmaj7,Db7|C7,F7|Bbm7,E7|Eb7,Db7","Ab","Imaj7,V7sus|Imaj7,V7sus|Imaj7,#IV/♭V7|IVmaj7,#VI/♭VII7sus|Imaj7,IV7|III7,VI7|IIm7,#V/♭VI7|V7,IV7"
"A Smooth One","B07,Bb6|F6/A,F6|B07,Bb6|F6/A,F6|B07,Bb6|F6/A,F6|G7,C7|F6","F","#IV/♭V07,IV6|I6/III,I6|#IV/♭V07,IV6|I6/III,I6|#IV/♭V07,IV6|I6/III,I6|II7,V7|I6"
"A Sound For Sore Ears","Bb7sus|Bb7sus|Bb7sus|Bb7sus|Bb7sus|Bb7sus|Bb7sus|Bb7sus","Eb","V7sus|V7sus|V7sus|V7sus|V7sus|V7sus|V7sus|V7sus"
"A Sunday Kind Of Love","Fmaj7,F#07|Gm7,C7|Fmaj7,Cm7,F7,|Bbmaj7,Bbm7|Fmaj7,D7|Gm7,C7|F6,Eb7|F6","F","Imaj7,#I/♭II07|IIm7,V7|Imaj7,Vm7,I7,NANA|IVmaj7,IVm7|Imaj7,VI7|IIm7,V7|I6,#VI/♭VII7|I6"
"A Time For Love","Fmaj7|Eb7/F|F6|G7|Gm7|Gm7/F|Em7,A7|Em7b5/A,A7b9","C","IVmaj7|#II/♭III7/IV|IV6|V7|Vm7|Vm7/IV|IIIm7,VI7|IIIm7b5/VI,VI7b9"
"A Tisket A Tasket","Ebmaj7|Ebmaj7|Ebmaj7,Abmaj7|Gm7,C7|Fm7|Bb7|Fm7,Bb7|Ebmaj7","Ab","Vmaj7|Vmaj7|Vmaj7,Imaj7|VIIm7,III7|VIm7|II7|VIm7,II7|Vmaj7"
"A Weaver Of Dreams","Cmaj7|Cmaj7|Bm7b5|E7b9|Am7|Am7|Gm7|C7","C","Imaj7|Imaj7|VIIm7b5|III7b9|VIm7|VIm7|Vm7|I7"
"Ablution","Fm7|Bbm7|Eb7|Abmaj7|Dbmaj7|G7|Cmaj7|Cmaj7","Ab","VIm7|IIm7|V7|Imaj7|IVmaj7|VII7|IIImaj7|IIImaj7"
"Ac-Cent-Tchu-Ate The Positive","F,Faug|F6,Fmaj7|Gm7|C7|F,Faug|F6,Fmaj7|Gm7,C7|F6,C7","F","I,Iaug|I6,Imaj7|IIm7|V7|I,Iaug|I6,Imaj7|IIm7,V7|I6,V7"
"Across The Alley From The Alamo","Fmaj7|Fmaj7|Fmaj7|Fmaj7|C7|C7|Gm7,C7|Fmaj7","F","Imaj7|Imaj7|Imaj7|Imaj7|V7|V7|IIm7,V7|Imaj7"
"African Queen, The","Cm9,Db9|Cm9,Db9|Cm9,Db9|Cm9,Db9|Cm9,Db9|Cm9,Db9|Cm9,Db9|Cm9,Db9","C-","Im9,#I/♭II9|Im9,#I/♭II9|Im9,#I/♭II9|Im9,#I/♭II9|Im9,#I/♭II9|Im9,#I/♭II9|Im9,#I/♭II9|Im9,#I/♭II9"
"After You've Gone","Ebmaj7|Ebmaj7|Ebm6|Ab7|Bbmaj7|Bbmaj7|Dm7|G7","C-","#II/♭IIImaj7|#II/♭IIImaj7|#II/♭IIIm6|#V/♭VI7|#VI/♭VIImaj7|#VI/♭VIImaj7|IIm7|V7"
"Afternoon In Paris","Cmaj7|Cm7,F7|Bbmaj7|Bbm7,Eb7|Abmaj7|Dm7,G7#9|Cmaj7|Dm7,G7","C-","Imaj7|Im7,IV7|#VI/♭VIImaj7|#VI/♭VIIm7,#II/♭III7|#V/♭VImaj7|IIm7,V7#9|Imaj7|IIm7,V7"
"Again","Gmaj7,Em7|Am7,D7|Bm7,E7|Am7,D7|Bm7,E7b9|Am7b5,D7b9|B7#5,E7b9|Am7,D7",NA,""
"Ain't Misbehavin'","C6,A7|Dm7,G7|C6,C7/E|F6,Fm6|C6/E,A7|Dm7,G7|C6,Am7|Dm7,G7","C","I6,VI7|IIm7,V7|I6,I7/III|IV6,IVm6|I6/III,VI7|IIm7,V7|I6,VIm7|IIm7,V7"
"Ain't She Sweet","Eb6,E07|Fm7,B7|Eb6,E07|Fm7,Bb7|Eb6,G7|C7|F7,Bb7|Eb6","Eb","I6,#I/♭II07|IIm7,#V/♭VI7|I6,#I/♭II07|IIm7,V7|I6,III7|VI7|II7,V7|I6"
"Airegin","Fm|C7b5#9|Fm|F7|Bbm|F7b5#9|Bbm|Bbm","F-","Im|V7b5#9|Im|I7|IVm|I7b5#9|IVm|IVm"
"Airmail Special","C6,Am7|Dm7,G7|Em7,A7|Dm7,G7|C,C7/E|F,F#07|C/G|C","C","I6,VIm7|IIm7,V7|IIIm7,VI7|IIm7,V7|I,I7/III|IV,#IV/♭V07|I/V|I"
"Aisha","Am9|Gm9|Am9|Fm9|Fm7,Bb7|Gm7,C7|Am7,D7b9|G7,C7,Fm,E7","A-","Im9|#VI/♭VIIm9|Im9|#V/♭VIm9|#V/♭VIm7,#I/♭II7|#VI/♭VIIm7,#II/♭III7|Im7,IV7b9|#VI/♭VII7,#II/♭III7,#V/♭VIm,V7"
"Alexander's Ragtime Band","F6|F6|G7,C7|F6|Bb6|Bb6|Bb6|Bb6","F","I6|I6|II7,V7|I6|IV6|IV6|IV6|IV6"
"Alfie","Bbmaj7|F7sus|Bbmaj7|Dm7,G7|Cm7|Dm7,Gm7|Cm7,F7sus|Bb07","Bb","Imaj7|V7sus|Imaj7|IIIm7,VI7|IIm7|IIIm7,VIm7|IIm7,V7sus|I07"
"Alfie's Theme","Bbm7,Bbm7/Ab|Gm7b5,Gbmaj7|Bbm7/F,Gm7b5|Cm7b5,F7b9|Bbm7,Bbm7/Ab|Gm7b5,E07|Bbm7/F,Gm7b5|Cm7b5,F7,Bbm7,","Bb-","Im7,Im7/#VI/♭VII|VIm7b5,#V/♭VImaj7|Im7/V,VIm7b5|IIm7b5,V7b9|Im7,Im7/#VI/♭VII|VIm7b5,#IV/♭V07|Im7/V,VIm7b5|IIm7b5,V7,Im7,NANA"
"All By Myself","Cmaj7|Cmaj7|D7|D7|G7|G7|Em7,A7|Dm7,G7","C","Imaj7|Imaj7|II7|II7|V7|V7|IIIm7,VI7|IIm7,V7"
"All God's Chillun Got Rhythm","Fmaj7,Dm7|Gm7,C7|Am7,D7|Gm7,C7|Fmaj7,Dm7|Gm7,C7|Am7b5|D7b9","F","Imaj7,VIm7|IIm7,V7|IIIm7,VI7|IIm7,V7|Imaj7,VIm7|IIm7,V7|IIIm7b5|VI7b9"
"All My Tomorrows","Am7|Am7b5,D7b9|Bm7|Bb07(Bbm7),(Eb7)|Am7|Bm7,E7b9|Am7,D7b9|Bm7,E7b9","A-","Im7|Im7b5,IV7b9|IIm7|#I/♭II07(#I/♭IIm7),NANA(NANA)|Im7|IIm7,V7b9|Im7,IV7b9|IIm7,V7b9"
"All Of Me","Cmaj7|Cmaj7|E7|E7|A7|A7|Dm7|Dm7","C","Imaj7|Imaj7|III7|III7|VI7|VI7|IIm7|IIm7"
"All Of You","Abm6|Ebmaj7|Fm7b5|Bb7|Abm6|Ebmaj7|Fm7b5|Bb7",NA,""
"All Through The Day","Fmaj7|Gm7,C7|Fmaj7|Gm7,C7|Fmaj7|G7|Gm7|C7","F","Imaj7|IIm7,V7|Imaj7|IIm7,V7|Imaj7|II7|IIm7|V7"
"All Through The Night","Fmaj7|Em7b5,A7b9|Dm7,Db7|Cm7,F7b9|Bbmaj7|Bbm7,Eb7b9|Abmaj7|Abmaj7","Ab","VImaj7|#V/♭VIm7b5,#I/♭II7b9|#IV/♭Vm7,IV7|IIIm7,VI7b9|IImaj7|IIm7,V7b9|Imaj7|Imaj7"
"All Too Soon","Cmaj7,Am7|Dm7,G7|Cmaj7,C7|Fmaj7,Bb7|Em7,A7#9|Dm7,G7|C6,Am7|Dm7,G7","C","Imaj7,VIm7|IIm7,V7|Imaj7,I7|IVmaj7,#VI/♭VII7|IIIm7,VI7#9|IIm7,V7|I6,VIm7|IIm7,V7"
"Alone Together","Dm6|Em7b5,A7b9|Dm6|Em7b5,A7b9|Dm6,Bm7b5|Bb7,A7b9|Dm6|Em7b5,A7b9","D-","Im6|IIm7b5,V7b9|Im6|IIm7b5,V7b9|Im6,VIm7b5|#V/♭VI7,V7b9|Im6|IIm7b5,V7b9"
"Alone Too Long","G6|G6,G#07|Am7,D7|Am7,D7|Am7|D7|G6,Em7|Am7,D7","G","I6|I6,#I/♭II07|IIm7,V7|IIm7,V7|IIm7|V7|I6,VIm7|IIm7,V7"
"Always And Forever","Am9,,Dm7,Em7|Fmaj7,,G9,E7/G#|Am9,Abmaj7|Cmaj9/G,F#m7b5|Fmaj7,Eb69|D9,G7sus|Cmaj7|Fm6/G,E/G#","F","IIIm9,NANA,VIm7,VIIm7|Imaj7,NANA,II9,VII7/#II/♭III|IIIm9,#II/♭IIImaj7|Vmaj9/II,#I/♭IIm7b5|Imaj7,#VI/♭VII69|VI9,II7sus|Vmaj7|Im6/II,VII/#II/♭III"
"Among My Souvenirs","Ebmaj7,C7b9|Fm7,Bb7|Fm7,Bb7|Ebmaj7,Ab7|Gm7,Gb7|Fm7|Bb7|Eb6","Eb","Imaj7,VI7b9|IIm7,V7|IIm7,V7|Imaj7,IV7|IIIm7,#II/♭III7|IIm7|V7|I6"
"Angel Eyes","Cm,,D7,Db7(G7)|Cm,Ab7|Cm,Am7b5|Dm7b5,G7b9|Cm,,D7,Db7(G7)|Cm,A7alt|Ab7,G7b9|Cm,,(Dm7b5),(G7)","C-","Im,NANA,II7,#I/♭II7(V7)|Im,#V/♭VI7|Im,VIm7b5|IIm7b5,V7b9|Im,NANA,II7,#I/♭II7(V7)|Im,VI7alt|#V/♭VI7,V7b9|Im,NANA,NANA(NANA),NANA(NANA)"
"Anthropology","Bbmaj7,G7|Cm7,F7|Dm7,G7|Cm7,F7|Fm7,Bb7|Eb7,Ab7|Cm7,F7|Bb6","Bb","Imaj7,VI7|IIm7,V7|IIIm7,VI7|IIm7,V7|Vm7,I7|IV7,#VI/♭VII7|IIm7,V7|I6"
"April In Paris","G7b9sus|Cmaj7|Dm7b5|G7b9|Cmaj7|Cmaj7|Gm7|C7",NA,""
"Aren't You Glad You're You","Fmaj7,Fmaj7/A|Bb6,B07|C7|F6|C7|F6,D7|G7|C,C7","F","Imaj7,Imaj7/III|IV6,#IV/♭V07|V7|I6|V7|I6,VI7|II7|V,V7"
"Armando's Rhumba","Cm7|D7b9|G7b13|Cm7|Cm7|D7b9|G7b13|Cm7","C-","Im7|II7b9|V7b13|Im7|Im7|II7b9|V7b13|Im7"
"As Long As I Live","Fmaj7|Em7b5,A7b9|D7|D7|G7|Gm7,C7|Fmaj7,Bb7|F6,C7","F","Imaj7|VIIm7b5,III7b9|VI7|VI7|II7|IIm7,V7|Imaj7,IV7|I6,V7"
"As Time Goes By","Fm7,Bb7|Fm7(Bbm6),Bb7|Ebmaj7,Bb7#5(Fm7)|Ebmaj7(Gm7),(C7)|F7,F#07|Gm7,C7b9|Fm7,Bb7|Eb6,C7b9",NA,""
"Ask Me Now","Gm7,C7,F#m7,B7|Fm7,Bb7,Em7,A7|Ebm7,Ab7#5|B7#11,Bb7|Eb7,D7|Dbmaj7,Eb7|Ebm7,Ab7#5|Dbmaj7",NA,""
"At Last","C6,Am7|Dm7,G7b13|Cmaj7,Am7|Dm7,G7#9|Em7,A7|Dm7,G7|C6,Am7|Dm7,G7","C","I6,VIm7|IIm7,V7b13|Imaj7,VIm7|IIm7,V7#9|IIIm7,VI7|IIm7,V7|I6,VIm7|IIm7,V7"
"Autumn In New York","Gm7,Am7|Bb6,C7|Fmaj7,Gm7|Am7,D7b9|Gm7,Am7|Bb6,C7|Am7b5|D7b9","G-","Im7,IIm7|#II/♭III6,IV7|#VI/♭VIImaj7,Im7|IIm7,V7b9|Im7,IIm7|#II/♭III6,IV7|IIm7b5|V7b9"
"Autumn Leaves","Cm7|F7|Bbmaj7|Ebmaj7|Am7b5|D7b13|Gm6|Gm6","Bb","IIm7|V7|Imaj7|IVmaj7|VIIm7b5|III7b13|VIm6|VIm6"
"Ballad For Very Tired And Very Sad Lotus Eaters","Bbm7b9,Eb13b9|Ab07,Abmaj7|Bbm7,Eb13|Ebm7,Ab7b9|Dbmaj7|Bb9,E7|Bbm7,Eb7sus|Ab69,Eb7sus",NA,""
"Ballade","Fmaj7|Em7b5,A7b9|D7|D7|G7|Gm7,C7|Fmaj7,Dm7|Gm7,C7","F","Imaj7|VIIm7b5,III7b9|VI7|VI7|II7|IIm7,V7|Imaj7,VIm7|IIm7,V7"
"Bark For Barksdale","F|F|Gm7|C7|F|Bb7|G7,C7|F","F","I|I|IIm7|V7|I|IV7|II7,V7|I"
"Basin Street Blues","Bb,Cm7,C#0,Bb/D|Bb,Cm7,C#0,Bb/D|Bb/D,Dbm7,Cm7,F7|Bb/D,Dbm7,Cm7,F7|Bb,Bb7/Ab|Eb6/G,Ebm6/Gb|Bb/F|F7","Bb","I,IIm7,#II/♭III0,I/III|I,IIm7,#II/♭III0,I/III|I/III,#II/♭IIIm7,IIm7,V7|I/III,#II/♭IIIm7,IIm7,V7|I,I7/#VI/♭VII|IV6/VI,IVm6/#V/♭VI|I/V|V7"
"Be Careful It's My Heart","Gm7/C,C7|Gm7/C,C7|F6,Gm7|G#07,F/A|Gm7/C,C7|Gm7/C,C7|F6,Gm7|G#07,F/A",NA,""
"Be My Love","Gsus,G|Gmaj7|F#m7b5|B7b9|Em7|Em7|C#m7b5,C7b5|Bm7,E7b9",NA,""
"Be-Bop","Fm,Gm7b5|Fm/Ab,Bbm6|Fm/C|Gm7b5,C7b9|Fm,Gm7b5|Fm/Ab,Bbm6|Fm/C|Gm7b5,C7,Fm,",NA,""
"Beautiful Love","Em7b5|A7b9|Dm|Dm(D7)|Gm7|C7|Fmaj7|Em7b5,A7b9",NA,""
"Beauty And The Beast","Am7|B7#5#9,E7#9|Am7|Gm7,C7#9|Fm7|Ebm7,Ab13|Dbmaj9|C7alt",NA,""
"Bein' Green","Bbmaj7|A7#5|Dm7b5/Ab|G7sus,G7b9|Cm7|F7sus,F7|Bb6|Cm7,F7","Bb","Imaj7|VII7#5|IIIm7b5/#VI/♭VII|VI7sus,VI7b9|IIm7|V7sus,V7|I6|IIm7,V7"
"Bernie's Tune","Dm7|Dm7|Bb7#11|Bb7#11|Em7b5|A7b9|Dm7|Dm7(Em7b5),(A7b9)","D-","Im7|Im7|#V/♭VI7#11|#V/♭VI7#11|IIm7b5|V7b9|Im7|Im7(IIm7b5),NANA(NANA)"
"Bess You Is My Woman","Bb6,Gm7|Cm7,F7#9|Bbmaj7,Bb7|Ebmaj7,Ab7|Gm7,Gm7/F|Em7b5,Eb7|Dm7,Ab7|Dbmaj7,F7","Bb","I6,VIm7|IIm7,V7#9|Imaj7,I7|IVmaj7,#VI/♭VII7|VIm7,VIm7/V|#IV/♭Vm7b5,IV7|IIIm7,#VI/♭VII7|#II/♭IIImaj7,V7"
"Best Is Yet To Come (Page 2), The","Amaj7,A7|A6,,Aaug,A|F#7|F#7|B7|E7|A6|A6","A","Imaj7,I7|I6,NANA,Iaug,I|VI7|VI7|II7|V7|I6|I6"
"Better Days Ahead","E/F#,B69|G/A|Dmaj9,Ab9#11|Gmaj7|Em7,F#m7|Bm7,,Am7,D7|D7,Abm7,Db7b9,|Gbmaj7",NA,""
"Between The Devil And The Deep Blue Sea","Fmaj7|Gm7,C7|Fmaj7|Gm7,C7|Cm7,F7|Bbmaj7,Eb7|Gm7,C7|F6,C7","F","Imaj7|IIm7,V7|Imaj7|IIm7,V7|Vm7,I7|IVmaj7,#VI/♭VII7|IIm7,V7|I6,V7"
"Bewitched","Cmaj7,Am7(C#07)|Dm7,G7|Cmaj7(Cmaj7/E),C7#5(E7#5)|Fmaj7,F#07(Bb7#11)|C6/G(C6),Am7(Eb07)|Dm7,G7|C6,Am7|Dm7,G7","C","Imaj7,VIm7(#I/♭II07)|IIm7,V7|Imaj7(Cmaj7/E),I7#5(III7#5)|IVmaj7,#IV/♭V07(#VI/♭VII7#11)|I6/G(C6),VIm7(#II/♭III07)|IIm7,V7|I6,VIm7|IIm7,V7"
"Bidin' My Time","Ebmaj7,C7b13|Fm7,Bb7|Ebmaj7,C7b13|Fm7,Bb7|Eb6,C7|Fm7,Abm7|Ebmaj7/Bb,Fm7,Bb7,|Eb6","Eb","Imaj7,VI7b13|IIm7,V7|Imaj7,VI7b13|IIm7,V7|I6,VI7|IIm7,IVm7|Imaj7/V,IIm7,V7,NANA|I6"
"Big Nick","Gmaj7,Em7|Am7,D7|Gmaj7,Em7|Am7,D7|G,G7/B|C,C#07|G/D,E7|Am7,D7",NA,""
"Bill Bailey, Won't You Please Come Home","G|G|G|G|G|G,Ab07|Am7|D7","G","I|I|I|I|I|I,#I/♭II07|IIm7|V7"
"Billy Boy","Fmaj7|Fm6|Cmaj7|Bm7b5,E7b9|Am7|D7|Dm7|G7",NA,""
"Birth Of The Blues, The","Cmaj7,C#07|Dm7,G7|Cmaj7,E7|Fmaj7,F#07|G7|Dm7,G7|C6,Eb07|Dm7,G7","C","Imaj7,#I/♭II07|IIm7,V7|Imaj7,III7|IVmaj7,#IV/♭V07|V7|IIm7,V7|I6,#II/♭III07|IIm7,V7"
"Black And Blue","Am7|Dm7|Am7|D7,Db7|C6,A7|Dm7,G7|C6,F7|C6,,(Bm7b5),(E7)","A-","Im7|IVm7|Im7|IV7,III7|#II/♭III6,I7|IVm7,#VI/♭VII7|#II/♭III6,#V/♭VI7|#II/♭III6,NANA,NANA(NANA),NANA(NANA)"
"Black Butterfly","Gm7,C7|F6|Fmaj7,,Em7b5,Eb7|D7,,Eb7,D7|G7,Gb7|F7,Bb7|Eb7,D7,Db7,C7|F6,F#07",NA,""
"Black Nile","Dm6|Eb7|Dm6|Cm7,F7|Bbmaj7|A7b13|Dm6|Eb7",NA,""
"Blackberry Winter","Fmaj7,Am7|Dm7,,Gm7,C7|Fmaj7,Gm7|Am7,Bbmaj7|Am7,Dm7|Gm7,C7|F6|Gm7,C7","F","Imaj7,IIIm7|VIm7,NANA,IIm7,V7|Imaj7,IIm7|IIIm7,IVmaj7|IIIm7,VIm7|IIm7,V7|I6|IIm7,V7"
"Blame It On My Youth","Ebmaj7,Fm7|Gm7,Cm7|Fm7,E07|Fm7,Bb7|Fm7,E07|Fm7,Bb7|Gm7,,Fm7,Bb7|Ebmaj7,Eb7","Eb","Imaj7,IIm7|IIIm7,VIm7|IIm7,#I/♭II07|IIm7,V7|IIm7,#I/♭II07|IIm7,V7|IIIm7,NANA,IIm7,V7|Imaj7,I7"
"Blood Count","F7#11|Bb7#9|Eb7#9#11|Bbm7,Eb7|Dm|Dmaug|Dm6|Am7,D7",NA,""
"Blue Champagne","F6,Ab07|Gm7,C7|F6,Dm7|Db7,C7|Fmaj7,Ab07|Gm7,C7|F6|Gm7,C7","F","I6,#II/♭III07|IIm7,V7|I6,VIm7|#V/♭VI7,V7|Imaj7,#II/♭III07|IIm7,V7|I6|IIm7,V7"
"Blue Lou","Cm7b5|F7|Cm7b5|F7|Bbmaj7|Ebmaj7|C7,F7|Bbmaj7","Bb","IIm7b5|V7|IIm7b5|V7|Imaj7|IVmaj7|II7,V7|Imaj7"
"Blue Moon","Fm7,Bb7|Eb6,Cm7|Fm7,Bb7|Eb6,A7#11|Abm7,Db7|Gbmaj7|Bb/F,F7|Fm7,Bb7","Eb","IIm7,V7|I6,VIm7|IIm7,V7|I6,#IV/♭V7#11|IVm7,#VI/♭VII7|#II/♭IIImaj7|V/II,II7|IIm7,V7"
"Blue Skies","Am|Am/maj7/G#|Am7/G|Am6/F#|Cmaj7,A7|Dm7,G7|C6|Bm7b5,E7b9","A-","Im|Im/maj7|Im7/#VI/♭VII|Im6/VI|#II/♭IIImaj7,I7|IVm7,#VI/♭VII7|#II/♭III6|IIm7b5,V7b9"
"Blue Turning Grey Over You","Bb6|Em7b5,A7|Dm7b5|G7|C7|F7|Bb6,Ebm7|Bb6,F7",NA,""
"Blueberry Hill","Ab|Ab|Eb|Eb|Bb7|Bb7|Eb,Db7|Eb,(Eb7)","Bb","#VI/♭VII|#VI/♭VII|IV|IV|I7|I7|IV,#II/♭III7|IV,NANA(NANA)"
"Body And Soul","Dmaj7,Em7|Dmaj7/F#,,Gm7,C7|F#m7,Bm7,Em7,A7|Dmaj7|Dm7,G7|Em7,Eb07|Dm7,G7|C7,B7,Bb7,",NA,""
"Bohemia After Dark","Gm7|Am7b5,D7b9|Gm7|Am7b5,D7b9|Gm7|Am7b5,D7b9|Gm7|Gm7","G-","Im7|IIm7b5,V7b9|Im7|IIm7b5,V7b9|Im7|IIm7b5,V7b9|Im7|Im7"
"Boo Boo's Birthday","Cmaj7|B7|E7b9|E7b9|F7#11,E7#11|Eb7#11,D7#11|Dbmaj7#11|Db7",NA,""
"Boplicity","Gm7,Fmaj7|Gm7,C7|Fmaj7|Cm7,F7#5|Bbmaj7|Gm7/C|Gm7/C,C7sus|Fmaj7#11",NA,""
"Born To Be Blue","C7,Db7#11|C7,Gb7#11|F7,Eb7|Abmaj7,G7#5|Cm7,Db7#11|Cm7,F7|Fm7,,Ab7,G7|C6,Db7#11",NA,""
"Bossa Antigua","Bbm7|Eb7|Cm7|Fm7|Bbm7|Eb7|Cm7|F7",NA,""
"Boulevard Of Broken Dreams, The","Dm,Em7b5|Dm/F,Dm|Em7b5|A7|Em7b5|A7|Dm,Gm|Dm,A7",NA,""
"Bouncin' With Bud","Bb6,Cm7|Dm7,Ebm7|Dm7,G7|Cm7,D7|Gm7|C#07|Cm7,F7|Bb6",NA,""
"Bourbon Street Parade","Ab|Ab|Ab|Ab|Ab|Ab|Eb7|Eb7","Ab","I|I|I|I|I|I|V7|V7"
"Bright Mississippi","F7|F7|F7|F7|Bb7|Bb7|Bb7|Bb7",NA,""
"Bright Size Life","Gmaj7|Gmaj7|Bbmaj7#11/A|Bbmaj7#11/A|D|D/C|Bbmaj7|Bbmaj7",NA,""
"Brilliant Corners","Bb,D7,Db7,|Gb7,F7#11|Bb,Ab7|Gb7,F7#11|Bb,D7,Db7,|Gb7,F7#11|Bb|Bb",NA,""
"Broadway","Bbmaj7|Bbmaj7|Eb7|Eb7|Cm7|F7|Bb6|Bb6","Bb","Imaj7|Imaj7|IV7|IV7|IIm7|V7|I6|I6"
"Brother Can You Spare A Dime","Cm,Cm/Eb|G7/D,C7/E|F7,Bb7|Ebmaj7,A7#11|Ab6,G7|Cm,Bbm7,Eb7,|Ab7,G7|Cm","C-","Im,Im/#II/♭III|V7/II,I7/III|IV7,#VI/♭VII7|#II/♭IIImaj7,VI7#11|#V/♭VI6,V7|Im,#VI/♭VIIm7,#II/♭III7,NANA|#V/♭VI7,V7|Im"
"Brotherhood Of Man","Eb7|Eb7|Eb7|Eb7|Eb7|Gm7,C7|F7|Bb7",NA,""
"Budo","Abmaj7,(G7)|Cm7,,F7(C7),(F7)|Bbm7,Eb7|Abmaj7,Ab7#5|Db7,D07|Cm7b5/Eb,F7|Bbm7,Eb7|Abmaj7","Ab","Imaj7,NANA(NANA)|IIIm7,NANA,VI7(III7),NANA(NANA)|IIm7,V7|Imaj7,I7#5|IV7,#IV/♭V07|IIIm7b5/V,VI7|IIm7,V7|Imaj7"
"Bunko","Fmaj7,F#07|Gm7,C7b9|Am7,D7#9|Gm7,C7|F6,F7/A|Bbmaj7,B07|F6/C,,G7,C7|F6",NA,""
"But Beautiful","Gmaj7,(C7)|Bm7b5,E7b9|Am7|C#m7b5,F#7b9|Gmaj7,(C7)|Bm7b5,E7b9|A7|A7",NA,""
"But Not For Me","F7(Ebmaj7),(Cm7)|Bb7(Fm7),(Bb7)|Ebmaj7,Ab7|Gm7,C7|F7|Bb7|Ebmaj7|Bbm7,Eb7",NA,""
"Bye Bye Blues","C|C|Ab7|Ab7|C|C|A7|A7",NA,""
"Bye-Ya","Db7|Ab6|Db7|Ab6|Gb7#11|Ab6|E7,B7#11|Db6,D6,Eb6,",NA,""
"C.T.A.","D7#9|D7#9|G7|G7|C7#9|C7#9|F7|F7",NA,""
"Cabin in the Sky","Gmaj7,G#07|Am7,Bb07|Bm7b5|Bb9#11|Am,Am/maj7|Am7,Ab7|G6|G6",NA,""
"Call Me Irresponsible","F,F6|F#07|Gm7,Gm6|G#07|Fmaj7/A|A7b13|D7b13|D7b13",NA,""
"Can't Help Lovin' Dat Man","Ebmaj7,Cm7|Fm7,Bb7|Ebmaj7,,Bbm7,Eb7|Ab6,Db7|Gm7,Cm7|B7,Bb7|Eb6|Fm7,Bb7","Eb","Imaj7,VIm7|IIm7,V7|Imaj7,NANA,Vm7,I7|IV6,#VI/♭VII7|IIIm7,VIm7|#V/♭VI7,V7|I6|IIm7,V7"
"Can't We Be Friends","F7|Bb7|Ebmaj7,B7|Cm7,,Gm,Gbm|Fm7|Bb7|Ebmaj7|E07",NA,""
"Candy","Ebmaj7|Ebm6|Dm7|Db07|Cm7|F7|Bb6,Eb7|Bb6",NA,""
"Catch Me","Dm7|Dm7|Dm7|Dm7|Dm7|Dm7|Dm7|A7#9,Dm7","D-","Im7|Im7|Im7|Im7|Im7|Im7|Im7|V7#9,Im7"
"Celia","Bbmaj7|Cm7b5|Dm7|Ebm7,Ab7|Dm7,Dbm7|Cm7,B7|Bbmaj7|Bbmaj7","Bb","Imaj7|IIm7b5|IIIm7|IVm7,#VI/♭VII7|IIIm7,#II/♭IIIm7|IIm7,#I/♭II7|Imaj7|Imaj7"
"Ceora","Abmaj7|Bbm7,Eb7|Abmaj7|Ebm7,Ab7|Dbmaj7|Dm7,G7|Cm7|F7#9",NA,""
"Charleston","Bb|D7|G7|G7|C7|F7|Bb,Db07|Cm7,F7","Bb","I|III7|VI7|VI7|II7|V7|I,#II/♭III07|IIm7,V7"
"Chase, The","Bb6|Bb6|Eb7|Eb7|Bb6|Ebm7,Ab7|Cm7,F7|Bb6",NA,""
"Cheers","Bb6|Eb7|Bb6|Gb7|Dm7,G7|Cm7,F7|Bb6|Cm7,F7",NA,""
"Cheetah","Bbmaj7|Cm7,C#07|Dm7,G7#9|C7,F7|Bb7|Eb,E07|Bb/F,G7|C7,F7",NA,""
"Chelsea Bridge","Bbm/maj7|Abm/maj7|Bbm/maj7,Abm/maj7|Bb7|Ebm7|Ab7|Db6|Db6,C7,B7,",NA,""
"Chicago","Cmaj7,Dm7|Em7,A7|D7|D7,A7b9|Dm7,G7|Dm7,G7|Bb7,A7|Ab7,G7","C","Imaj7,IIm7|IIIm7,VI7|II7|II7,VI7b9|IIm7,V7|IIm7,V7|#VI/♭VII7,VI7|#V/♭VI7,V7"
"Close Your Eyes","Fm7b5|Bb7b9|Fm7b5|Bb7b9|Ebm6,Cm7b5|Fm7b5,Bb7b9|Ebm6|Ebm6",NA,""
"Come Back To Me","Gm7|C7|Am7b5|D7|Gm7|C7|Fmaj7|Am7,D7",NA,""
"Come Sunday","F7|Eb7#11|F7,Gb7|G7|Cm7|F7|Bb,Eb6/Bb|Bb07,Bb6","Bb","V7|IV7#11|V7,#V/♭VI7|VI7|IIm7|V7|I,IV6/I|I07,I6"
"Comes Love","Gm6|Gm6|D7b13|D7b13|Am7b5|D7b9|Gm6|Am7b5,D7b9",NA,""
"Con Alma","Emaj7,G#7/D#|C#m7,B7|Bb7|Ebmaj7,,Ebm7,Ab7|Dbmaj7,F7/C|Bbm7,Ab7|G7|Cmaj7","E","Imaj7,III7/VII|VIm7,V7|#IV/♭V7|VIImaj7,NANA,VIIm7,III7|VImaj7,#I/♭II7/#V/♭VI|#IV/♭Vm7,III7|#II/♭III7|#V/♭VImaj7"
"Confirmation","Cm7|F7|Bbmaj7|Bbmaj7|Ebm7|Ab7|Dbmaj7|Gm7,C7alt","Bb","IIm7|V7|Imaj7|Imaj7|IVm7|#VI/♭VII7|#II/♭IIImaj7|VIm7,II7alt"
"Cool One, The","Bm7|E7|Bm7|E7|Am7|D7|Am7|D7",NA,""
"Copenhagen","Ebmaj7|Ebm6|Bb|G7|C7|F7|Bb|Bb,Bb7","Eb","Imaj7|Im6|V|III7|VI7|II7|V|V,V7"
"Corcovado","D7/A|D7/A|Ab07|Ab07|Gm7|C7|F07,Fmaj7|Fmaj7","F","VI7/III|VI7/III|#II/♭III07|#II/♭III07|IIm7|V7|I07,Imaj7|Imaj7"
"Cotton Tail","Bb6,Gm7|Cm7,F7|Dm7,G7|Cm7,F7|Bb6,Bb7/D|Eb6,E07|Bb6/F,Gm7|F7,Bb6","Bb","I6,VIm7|IIm7,V7|IIIm7,VI7|IIm7,V7|I6,I7/III|IV6,#IV/♭V07|I6/V,VIm7|V7,I6"
"Could It Be You","Bbmaj7|Cm7,F7|Bbmaj7|Gm7,Gbm7,Fm7,Bb7|Ebmaj7|Fm7,Bb7|Ebmaj7|Gm7,C7",NA,""
"Countdown","Em7,F7|Bbmaj7,Db7|Gbmaj7,F7|Bbmaj7,A7|Dmaj7,Bbmaj7|Gbmaj7,Dmaj7|Bbmaj7,Gbmaj7|Dmaj7",NA,""
"Crazy He Calls Me","Bbm7,Eb7|Abmaj7,Fm7|Dm7,G7|C6,A7|Dm7,G7|C6,Am7|Dm7,G7|Gm7,C7",NA,""
"Crazy Rhythm","Cm7|F7|Bbmaj7|Bbmaj7|Bbm7|Eb7|A7#5,D9|G7#5,C9",NA,""
"Crepuscule With Nellie","Bb7|Eb7|Ab7,Db7|Gb7|Cm7,F7b9|Bm7,E7,Bbm7,Eb7|Abadd9|Gb7#11",NA,""
"Cry Me A River","Cm,Cmb6|Cm6,Cm7|Fm7,Bb7|Ebmaj7,G7b9|Gm7b5,C7b9|F9|Fm7,Bb7sus|Eb6,G7b13","C-","Im,Imb6|Im6,Im7|IVm7,#VI/♭VII7|#II/♭IIImaj7,V7b9|Vm7b5,I7b9|IV9|IVm7,#VI/♭VII7sus|#II/♭III6,V7b13"
"Cynthia's In Love","Fm7|Bb13,Bb7b9|Eb6,Abm6|Gm9,Gb07|Fm7,B9#5|Bb7sus,Bb7b9|Eb69|Eb69",NA,""
"Daahoud","Ebm7,Ab7|Dbm7,Gb7|Bmaj7|Fm7,Bb7|Ebm7(Abm7),(Gb6)|B7(F7),Bb7(Emaj7)|Ebmaj7|Ebmaj7","Eb","Im7,IV7|#VI/♭VIIm7,#II/♭III7|#V/♭VImaj7|IIm7,V7|Im7(IVm7),NANA(NANA)|#V/♭VI7(II7),V7(#I/♭IImaj7)|Imaj7|Imaj7"
"Dancing On The Ceiling","Fmaj7|Cm7,F7|Bb6,B07|Fmaj7/C,D7|Gm7|C7|F6|Gm7,C7","F","Imaj7|Vm7,I7|IV6,#IV/♭V07|Imaj7/V,VI7|IIm7|V7|I6|IIm7,V7"
"Darn That Dream","G6,,Bbm7,Eb7|Am7,B7#11|Em,Em/D,A7/C#,Cm7|Bm7b5,E7|Am7,F7|Bm7,Bbm7|Am7,D7|G6,,Am7,D7","G","I6,NANA,#II/♭IIIm7,#V/♭VI7|IIm7,III7#11|VIm,VIm/V,II7/#IV/♭V,IVm7|IIIm7b5,VI7|IIm7,#VI/♭VII7|IIIm7,#II/♭IIIm7|IIm7,V7|I6,NANA,IIm7,V7"
"Dat Dere","Cm7,Cm7/Bb|Am7b5,Abmaj7|Am7b5,D7#9|Dm7b5,G7b9|Cm7,Cm7/Bb|Am7b5,Abmaj7|Dm7b5,G7b13|Cm7(Fm6),G7b13(Cm7)","C-","Im7,Im7/#VI/♭VII|VIm7b5,#V/♭VImaj7|VIm7b5,II7#9|IIm7b5,V7b9|Im7,Im7/#VI/♭VII|VIm7b5,#V/♭VImaj7|IIm7b5,V7b13|Im7(IVm6),V7b13(Im7)"
"Day By Day","Am7|Am7(D7)|Am7(D7)|D7|Gmaj7|C7|Bm7|E9#5","A-","Im7|Im7(IV7)|Im7(IV7)|IV7|#VI/♭VIImaj7|#II/♭III7|IIm7|V9#5"
"Day Dream","Fmaj7,F7/A|Bb7#5,A7b13|Dm7,F7/C|Bbm6,C7b13|Fm7,Fm7/Eb|Db7,C7|Fmaj7|Fmaj7","F","Imaj7,I7/III|IV7#5,III7b13|VIm7,I7/V|IVm6,V7b13|Im7,Im7/#VI/♭VII|#V/♭VI7,V7|Imaj7|Imaj7"
"Day Dreaming","Bbmaj7,Cm7|Dm7,C#07|Cm7,D07|Cm7,F7#9|Bbmaj7,Ebmaj7|D7#11,Ab9|G7b9|Cm7,F7","Bb","Imaj7,IIm7|IIIm7,#II/♭III07|IIm7,III07|IIm7,V7#9|Imaj7,IVmaj7|III7#11,#VI/♭VII9|VI7b9|IIm7,V7"
"Daybreak","Ebmaj7|Bb7|Ebmaj7|C7|Fm7|Bb7|Abmaj7|B7,Bb7","Eb","Imaj7|V7|Imaj7|VI7|IIm7|V7|IVmaj7|#V/♭VI7,V7"
"Days And Nights Waiting","Cm7|F7|Bbmaj7|A7|F#m7|Bm7|Em7,A7|Dmaj7",NA,""
"Days Of Wine And Roses","Fmaj7|Eb7#11|Am7(D7)|D7b13|Gm7|Gm7|Eb7#11|Eb7#11",NA,""
"Dearly Beloved","Dm7|G7|Dm7|G7|Dm7|G7|Dm7|G7","D-","Im7|IV7|Im7|IV7|Im7|IV7|Im7|IV7"
"Dedicated To You","Dmaj7|Bm7,E7b9|Em7,A7|Dmaj7,,Gm7,C7|Fmaj7,D7b9|Gm7,C7b9|Cm7|F7#5(F#m7),(B7)",NA,""
"Deed I Do","C6|Gm7,C7|Fmaj7|Bb7|Em7,A7|Dm7,G7|C6|Dm7,G7","C","I6|Vm7,I7|IVmaj7|#VI/♭VII7|IIIm7,VI7|IIm7,V7|I6|IIm7,V7"
"Dewey Square","Ebmaj7|Abm7|Eb7,Db7|C7|F7|Fm7,Bb7|Ebmaj7,C7|Fm7,Bb7","Eb","Imaj7|IVm7|I7,#VI/♭VII7|VI7|II7|IIm7,V7|Imaj7,VI7|IIm7,V7"
"Dexterity","Bbmaj7,G7|Cm7,F7|Dm7,G7|Cm7,F7|Fm7,Bb7|Ebmaj7,Ab7|Cm7,F7|Bb6","Bb","Imaj7,VI7|IIm7,V7|IIIm7,VI7|IIm7,V7|Vm7,I7|IVmaj7,#VI/♭VII7|IIm7,V7|I6"
"Diane","Fm7|Bb7|Ebmaj7,Ebmaj7/D|Cm7|Fm7|Bb7|Ebmaj7,Ab7|Gm7,C7",NA,""
"Dig","F7|F7|F7|F7|Bb7|Bb7|Bb7|Bb7",NA,""
"Dinah","Em|Em/D#|Em/D|A7/C#|Em7|A7|Am7|D7",NA,""
"Dindi","Ebmaj7|Dbmaj7|Ebmaj7|Dbmaj7|Cmaj7|Am9|Dm9|G13",NA,""
"Diverse","Bbm6|Cm7b5,F7b9|Bbm6|Cm7b5,F7b9|Bbm6|Cm7b5,F7b9|Bbm6|Cm7b5,F7b9",NA,""
"Do It Again","F6|F6|F6|F6|F6,Faug|F,Dm|G7|G7",NA,""
"Do Nothin' Til You Hear From Me","Gbmaj7|Gbmaj7|Gbmaj7|Gb7|Bbmaj7|Dm7,G7|C7|F7",NA,""
"Do You Know What It Means?","Cmaj7,G7#5|Cmaj7,Am7|Em7,Am7|D7|F6,F#07|C6/G,A7b9|Dm7,G7|C6","C","Imaj7,V7#5|Imaj7,VIm7|IIIm7,VIm7|II7|IV6,#IV/♭V07|I6/V,VI7b9|IIm7,V7|I6"
"Dolores","Dm7|Fm7,Bb7|Ebmaj7|Am7,D7|Gm7|Am7b5,D7#9|Dbmaj7|Dbmaj7",NA,""
"Don't Be That Way","Db6,Bbm7|Ebm7,Ab7#5|Db6,Bbm7|Ebm7,Ab7#5|Fm7,Bb7|Ebm7,Ab7#5|Db6,Bbm7|Ebm7,Ab7#5",NA,""
"Don't Blame Me","Cmaj7,Em7b5|A7b13|Dm7b5,G13b9|Cmaj7,Am7|Dm7b5,G13b9|Em7b5,A7b13|Dm7,G7|C6,G7","C","Imaj7,IIIm7b5|VI7b13|IIm7b5,V13b9|Imaj7,VIm7|IIm7b5,V13b9|IIIm7b5,VI7b13|IIm7,V7|I6,V7"
"Don't Explain","Dm|Em7b5,A7b9|Dm|Em7b5,A7b9|Eb7#11|Db7#11,,Gm7,C7|Fmaj7|Em7b5,A7b9",NA,""
"Don't Fence Me In","F,Fmaj7|F6,Fmaj7|F6,D7b13|Gm7,C7|Gm7,C7|Gm7,C7|Gm7,C7|F6","F","I,Imaj7|I6,Imaj7|I6,VI7b13|IIm7,V7|IIm7,V7|IIm7,V7|IIm7,V7|I6"
"Don't Get Around Much Anymore","C6|C6|A7|A7|D7|G7|C6|G7","C","I6|I6|VI7|VI7|II7|V7|I6|V7"
"Don't Go To Strangers","Bbmaj7|Eb7#11|Bbmaj7|Dm7,G7b9|Cm7b5|F7b9|Bb6,F7|Bb6","Bb","Imaj7|IV7#11|Imaj7|IIIm7,VI7b9|IIm7b5|V7b9|I6,V7|I6"
"Don't Know Why","Gm7|C7|F7|F7|Gm7|C7|F7,F7/Eb|Bb/D,F7/C",NA,""
"Don't Misunderstand","Fmaj7|E7sus,E7alt|Ebmaj7|D7sus,D7b9|G7|C7|F6|Gm7,C7","F","Imaj7|VII7sus,VII7alt|#VI/♭VIImaj7|VI7sus,VI7b9|II7|V7|I6|IIm7,V7"
"Don't Take Your Love From Me","Cmaj7,Dm7|Em7,Eb07|G7/D,G7|Dm7,G7|Dm7|G7|Cmaj7|Cmaj7","C","Imaj7,IIm7|IIIm7,#II/♭III07|V7/II,V7|IIm7,V7|IIm7|V7|Imaj7|Imaj7"
"Down For Double","Bb6,G7|C7,F7|Bb6,G7|C7,F7|Bb6,G7|C7,F7|Bb6,(Cm7)|Bb6(Db07),(Bb6)","Bb","I6,VI7|II7,V7|I6,VI7|II7,V7|I6,VI7|II7,V7|I6,NANA(NANA)|I6(#II/♭III07),NANA(NANA)"
"Dream","Bb|Bb|Em7|A7|Bb6|Bb6|Dm7|G7",NA,""
"Dream A Little Dream Of Me","G6|Eb7,D7|G6|E7b9|Am7|Cm6,F9|Gmaj7,,Eb7,D7|G6,D7","G","I6|#V/♭VI7,V7|I6|VI7b9|IIm7|IVm6,#VI/♭VII9|Imaj7,NANA,#V/♭VI7,V7|I6,V7"
"Dreamsville","Cmaj7|Gm7/C|Cmaj7|Gm7,F#7|Cm7/F,F7|Dm7,Ebm7|Dm7,Db7#11|Cmaj7","C","Imaj7|Vm7/I|Imaj7|Vm7,#IV/♭V7|Im7/IV,IV7|IIm7,#II/♭IIIm7|IIm7,#I/♭II7#11|Imaj7"
"Driftin'","Eb7,G7|Ab7,G7|Cm7,Bbm7|Am7b5,Ab7|Gm7|C7|Fm7,Bb7|Eb,Bb7","Eb","I7,III7|IV7,III7|VIm7,Vm7|#IV/♭Vm7b5,IV7|IIIm7|VI7|IIm7,V7|I,V7"
"Duke, The","Cmaj7,Fmaj7|Em7/G,Am7,B7,|Em7,Am7|Dm7,,Fm7,Bb7|Ebmaj7,Dbmaj7|Cm7,Bm7|Bbm7,Eb7,Abmaj7,|D7,Db7,Cmaj7,","C","Imaj7,IVmaj7|IIIm7/V,VIm7,VII7,NANA|IIIm7,VIm7|IIm7,NANA,IVm7,#VI/♭VII7|#II/♭IIImaj7,#I/♭IImaj7|Im7,VIIm7|#VI/♭VIIm7,#II/♭III7,#V/♭VImaj7,NANA|II7,#I/♭II7,Imaj7,NANA"
"Early Autumn","Dm7,G7|Cmaj7/E,Eb07|Dm7,G7|Cmaj7|Cm7,F7|Bbmaj7,Eb7|D,Db7,C7,B7|Bb7,A,Ab7,G7",NA,""
"East Of The Sun","Am7|D7|F#m7b5,B7b13|Em7|Em7|A7|Am7|D7",NA,""
"East St. Louis Toodle-oo","Cm,Cm/Eb|Fm6/D,Fm6|Cm/Eb,Cm/G|Fm6,Fm6/Ab|Cm/G,Cm/Eb|Fm6,G7b9/D|Cm,Ab7|G7b9","C-","Im,Im/#II/♭III|IVm6/II,IVm6|Im/#II/♭III,Im/V|IVm6,IVm6/#V/♭VI|Im/V,Im/#II/♭III|IVm6,V7b9/II|Im,#V/♭VI7|V7b9"
"Easter Parade","Bbmaj7,F7|Bb7|Ebmaj7|Cm7,C#07|Bbmaj7,F7|Bbmaj7,Gm7|C7,F7|Bb6,,Cm7,F7",NA,""
"Easy Does It","C6,Am7|Dm7,G7|C6,Am7|Dm7,G7|C6,Am7|Dm7,G7|C6,Eb07|Dm7,C7","C","I6,VIm7|IIm7,V7|I6,VIm7|IIm7,V7|I6,VIm7|IIm7,V7|I6,#II/♭III07|IIm7,I7"
"Easy Living","Fmaj7,F#07|Gm7,G#07|Fmaj7/A,,Cm7,F7|Bbmaj7,Eb7|Fmaj7,Dm7|Gm7,C7|Fmaj7,Dm7|Gm7,C7","F","Imaj7,#I/♭II07|IIm7,#II/♭III07|Imaj7/III,NANA,Vm7,I7|IVmaj7,#VI/♭VII7|Imaj7,VIm7|IIm7,V7|Imaj7,VIm7|IIm7,V7"
"Easy Street","Ebmaj7,C7|Fm7,G7b13|Cm7,,Bbm7,Eb7|Abm7,Bb7|Gm7,C7|B7,Bb7#5|Ebmaj7,Ab7|Eb6,,Fm7,Bb7",NA,""
"Easy To Love","Am7|Bm7b5,E7b9|Am7|D7|Gmaj7|C7|Bm7|E7b9",NA,""
"Eclypso","Fm7,Bb7|Ebmaj7,Cm7|Fm7,Bb7|Ebmaj7,Gm7|Fm7,Bb7|Gm7,Cm7|Fm7,Bb7|Ebmaj7,C7","Eb","IIm7,V7|Imaj7,VIm7|IIm7,V7|Imaj7,IIIm7|IIm7,V7|IIIm7,VIm7|IIm7,V7|Imaj7,VI7"
"Eiderdown","B7alt|B7alt|Em7|Em7|Cm7|Cm7|Gm7|Gm7",NA,""
"El Cajon","D7,(Ab7)|G7|C7|C7|Cm7,(Gb7)|F7|Bb7sus|Bb7",NA,""
"Elora","Cm7|F7|Bbmaj7,Ebmaj7|Dm7,Db7|Cm7,G7b9|Cm7,F7|Bbmaj7|Dm7b5,Db7","Bb","IIm7|V7|Imaj7,IVmaj7|IIIm7,#II/♭III7|IIm7,VI7b9|IIm7,V7|Imaj7|IIIm7b5,#II/♭III7"
"Embraceable You","Gmaj7|Bb07|Am7|D7|Am7|Cm6|Gmaj7|F#m7b5,B7b9",NA,""
"End Of A Love Affair, The","Gm7,C7|Fmaj7|Fm7,Bb7|Ebmaj7|Ebm7,Ab7|Ebm7,Ab7|Dbmaj7,,Gm7,C7|Fmaj7",NA,""
"Epistrophy","Db7,D7|Db7,D7|Db7,D7|Db7,D7|Eb7,E7|Eb7,E7|Eb7,E7|Eb7,E7",NA,""
"Eronel","Gmaj7,Gmaj7/A|Bm7,E7b5|Bbm/maj7|Bbm/maj7,Eb7#11|Am7|Cm7,F7|Am7,Ab7|Gmaj7",NA,""
"Eternal Triangle","Bbmaj7,Gm7|Cm7,F7|Dm7,G7|Cm7,F7|Fm7,Bbm7|Eb7,Ab7|Dm7,G7|Cm7,F7,Bbmaj7,",NA,""
"Every Time We Say Goodbye","Ebmaj7,Fm7|Gm7,Abmaj7|Gm7,C7|Fm7,Bb7|Gm7,Gb7|Bmaj7,Emaj7#11|Bbm7,Eb7|Abm7,Db7",NA,""
"Everything Happens To Me","Cm7,F7|Dm7,Db07|Cm7,F7|Dm7b5,G7|B07,Cm7,Ebm7,Ab7|Dm7,G7|Cm7,F7|Bb6",NA,""
"Everything I Have Is Yours","Cmaj7|Ebm7,Ab7|Dm7,G7|Dm7,G7#5|Cmaj7|Ebm7,Ab7|Dm7,G7|Bm7b5,E7b9",NA,""
"Evidence","Ebmaj7|Gm7,C7b5b9|Fm7|Bb7b5b9|A7|Abm7,Db7|Fm7|F7#9#11",NA,""
"Exactly Like You","C6|C6|D7|D7|G7|G7|C6|Dm7,G7","C","I6|I6|II7|II7|V7|V7|I6|IIm7,V7"
"Fee-Fi-Fo-Fum","Eb7,D7#9|Gm7,Abmaj7|Bmaj7,D7|Dm7,G7|Eb7,D7#9|Gm7,Abmaj7|C7(Gb7),F7|Bb7",NA,""
"Feel Like Makin' Love","Fm7|Bb7sus|Ebmaj7|Db7,C7|Fm7|Bb7sus|Ebmaj7|A7#11",NA,""
"Flamingo","Fmaj7,Dm7|Gm7,C7|Fm7|Bb7|Db7|Gm7,C7|Fmaj7,D7|Gm7,C7","F","Imaj7,VIm7|IIm7,V7|Im7|IV7|#V/♭VI7|IIm7,V7|Imaj7,VI7|IIm7,V7"
"Flat Foot Floogee","F6,Dm7|Gm7,C7|F6,Dm7|Gm7,C7|F6,F7/A|Bb,B07|F/C,C7|F6,C7","F","I6,VIm7|IIm7,V7|I6,VIm7|IIm7,V7|I6,I7/III|IV,#IV/♭V07|I/V,V7|I6,V7"
"Flintstones","Bbmaj7,G7|Cm7,F7|Bbmaj7,G7|Cm7,F7|Bb7|Eb7,Ab7|Bb6|Cm7,F7","Bb","Imaj7,VI7|IIm7,V7|Imaj7,VI7|IIm7,V7|I7|IV7,#VI/♭VII7|I6|IIm7,V7"
"Flying Home","Eb,Eb/Db|Cm7,,B7,Bb7|Eb,Eb/Db|Cm7,,B7,Bb7|Eb,Eb/Db|Cm7,,B7,Bb7|Eb6|Bb7",NA,""
"Fools Rush In","Dm7|G7|Cmaj7|Am7|Dm7|G7|Cmaj7|A7b9","C","IIm7|V7|Imaj7|VIm7|IIm7|V7|Imaj7|VI7b9"
"For Heaven's Sake","Bbm7,Eb7|Am7,Dm7|Gm7b5,C7b9|Fmaj7,F7|Bbm7,Eb7|Am7,D7|Gm7,C7sus|F6",NA,""
"For Once In My Life","Gm,Gm/F#|Fm7,Bb7#5|Eb6,Gm7|Cm7,F7|Dm7|Gm7|C7|F7#5",NA,""
"For Sentimental Reasons","Fmaj7,Dm7|Gm7,C7|Fmaj7,Dm7|Gm7,C7|F6,Dm7|Gm7,C7|F6,D7|Gm7,C7","F","Imaj7,VIm7|IIm7,V7|Imaj7,VIm7|IIm7,V7|I6,VIm7|IIm7,V7|I6,VI7|IIm7,V7"
"Forever Sonny","Gm7|Em7b5,Eb7|Dm7,Gm7|Cm7,F7#5|Bb7|Eb7,Ab7|Cm7,F7|Bbmaj7,D7#9",NA,""
"Four","Ebmaj7|Ebmaj7|Ebm7|Ab7|Fm7|Fm7|Abm7|Db7",NA,""
"Four Brothers","Bb7|Bbm7,Eb7#5|Abmaj7|F7|Bbm7|Cm7,F7|Bbm7,Eb7|Ab6",NA,""
"Four In One","Eb6|G7|C7|C7|F7|Bb7|Eb6|Eb6(Fm7),(Bb7)",NA,""
"Fran Dance","Bb7|Ab7|G7sus|C7|F7|F7|Cm7,F7|Bb6",NA,""
"Frenesi","Bbm7,Eb7|Bbm7,Eb7|Bbm7,Eb7|Bbm7,Eb7|Abmaj7|Bbm7,Eb7|Abmaj7|Abmaj7",NA,""
"Frim Fram Sauce, The","Bb6|Bb6|C7|C7|Eb6,E07|Bb/F,G7|C7,F7|Bb6,F7",NA,""
"Gallop's Gallop","D7sus,D7|Bbm7,Eb7|Abmaj7,Bb7|Bbm7,Eb7|Bbm7b5,Eb7|Abmaj7,Bbm7b5|Bm7,E7|Bbm7,Eb7",NA,""
"Gee Baby, Ain't I Good To You","C7,Ab7|G7,C7|F7,Bb7|Eb6,G7|C7,Ab7|G7,C7|F7,Bb7|Eb6,Eb7",NA,""
"Georgia On My Mind","Fmaj7|Em7b5,A7b9|Dm,Dm/C|G/B,,Bbm7,Eb7|Am7,D7|Gm7,C7|F6|Gm7,C7",NA,""
"Get Happy","F6,Dm7|Gm7,C7|Am7,D7|Gm7,C7|F6,F7/A|Bb6,B07|F6/C,C7|F6,F7",NA,""
"Give Me The Simple Life","Fm7,Bb7|Gm7,C7|Dm7b5,G7b13|Cm7,Cm7/Bb|Am7b5,Abm6|Eb6/G,Gb07|Fm7,Bb7|Eb6,C7",NA,""
"Glad To Be Unhappy","Gm7|Eb7|C7|C7|Gm7|Eb7|C7|F6,F7",NA,""
"Glory Of Love, The","Gmaj7,Em7|Am7,D7|Gmaj7,G7|Cmaj7,Cm6|Bm7,Em7|Am7,D7|G6|Am7,D7",NA,""
"God Bless The Child","Eb,Eb7,Ab6,|Eb,Eb7,Ab6,|Bbm7,Eb7|Bbm7,Eb7|Abmaj7|Abm6|Gm7,C7b9|Fm7,Bb7",NA,""
"Godchild","Abmaj7|Bbm7,B07|Ebm7,Ab7|Dbm7,Gb7|Cm7,Bm7|Bbm7,Eb7|Abmaj7|Bbm7,Eb7",NA,""
"Golden Earring","Cm,G7/D|Cm/Eb,Cm7|Am7b5,Ab7|Dm7b5,G7b9|Cm,D7|G7,Ab7|G7b9|Cm",NA,""
"Good Bait","Bb6,Gm7|Cm7,F7|Bb6,Gm7|Cm7,F7|Bbmaj7,Bb7|Ebmaj7,Ab7|Dm,Db7,Cm,B7|Bb6,F7alt",NA,""
"Good Morning Heartache","Cm,Cmb6|Cm6,Cm7|Fmaj7,Bbmaj7|Am7b5,D7b9|Gm7,Bbm/maj7|Am7,Abm7|Gm7,C7#9|F6",NA,""
"Green Chimneys","Abm|Abm|Abm|Abm|Abm|Abm|Abm|Abm",NA,""
"Hackensack","F6|Bb7|F6|Am7,D7|Gm7|C7|F6|C7","F","I6|IV7|I6|IIIm7,VI7|IIm7|V7|I6|V7"
"Hallucinations","F6,Bb7|A7,D7|G7,C7|F6,F7|Bb7,B07|F7/C,D7|Gm7,C7|F6",NA,""
"Happiness Is A Thing Called Joe","F6,Gm7|Am7,Gm7|F6,Gm7|Am7,Gm7|F6,Gm7|Am7,D7|Gm7|C7",NA,""
"Happy Little Sunbeam","Gm7|C7|F6|F6,Abm7|Gm7|C7|Cm7|F7",NA,""
"Haunted Heart","Eb6,Cm7|Fm7,Bb7|Eb6,Cm7|Fm7,Bb7|Eb6,Abmaj7|Gm7,C7b13|Fm7|Bb7",NA,""
"Have You Met Miss Jones?","Fmaj7,Bb7|Am7,D7|Gm7|C7|Am7,D7|Gm7,C7|F6|Gm7,C7",NA,""
"He's A Tramp","Am7,D7|Am7,D7|Am7,D7|Am7,D7|Gmaj7,Gb7|F7,E7|A7,D7|G6",NA,""
"Heat Wave","Gmaj7,Am7|Bm7,Am7|Gmaj7,Am7|Bm7,Am7|Gmaj7,G7|Cmaj7,F7|Em7,A7|D7,G6,G6,",NA,""
"Heaven","Bbmaj7|Bbmaj7|G7b5|G7b5|C7#11|C7#11|F7#5|F7#5",NA,""
"Hello","Am7,,Bm7,E7|Am7,D7|Gmaj7,C7|Bm7,Em7|Am7,Bm7|Am7,D7|Gmaj7,Cm6|Bm7,E7",NA,""
"Here's That Rainy Day","Gm(Gmaj7),Gm/maj7/F#|Fm6(Bb7),Bb7|Ebmaj7|Abmaj7|Am7|D7|Gmaj7|Dm7,G7",NA,""
"Here's To Life","Fm7|Bb7sus,Bb9|Ebmaj7|Abmaj9|Dm7b5|G7b9#5|Cm7|Cm7",NA,""
"Here's To My Lady","Ebmaj7,Fm7|Gm7,Db7|Cm7,B7#9|Bbm7,Eb7|Abmaj7,Gm7|Fm7,Fm7/Eb|Dm7b5|Db7#11",NA,""
"Hey There","Eb6,Cm7|Fm7,Bb7|Eb6,Cm7|Fm7,Bb7|C7|Fm7,Bb7|Ebmaj7,Cm7|Am7,D7",NA,""
"High Fly","Dm7|G7|Cmaj7,F7|Em7,A7|Cm7|F7|Bb7|B7",NA,""
"Hocus-Pocus","Fmaj7|Gm7,C7|Fmaj7|Bm7b5,E7b9|Am7,Ab7|Gm7,Gb7|Fmaj7,Ab7|Dbmaj7,Gb7",NA,""
"Home At Last","Bbmaj7|Bbmaj7|Am7b5|D7#9|Gm7|Gm7|Fm7|Bb7",NA,""
"Home Cookin'","F6,Gm7|Am7,Dm7|Gm7,Am7|Bbm7,Eb7|Am7,D7|Gm7,C7|Gm7,C7|F6",NA,""
"Honeysuckle Rose","Gm7,C7|Gm7,C7|Gm7,C7|Gm7,C7|F6,F7/A|Bb6,C7|F6,Bb7|Am7,D7",NA,""
"Hot House","Cm7|F7b9|Bbmaj7|Bbmaj7|Ab7b9|Ab7b9|G7b9|G7b9",NA,""
"House Of Jade","Dm7b5,Dbmaj7|Cm7,Db7#11|Eb7,F7|Db7,Cm7|Dm7b5,Dbmaj7|Cm7,F7|Eb7,D9sus|Db7,Cm7",NA,""
"How Are Things In Glocca Morra","Fmaj7|Am7,D7#9|Gm7|C7|Gm7,C7|Gm7,C7|F6|Gm7,C7sus",NA,""
"How Deep Is The Ocean","Cm7|Dm7b5,G7b9|Cm7|Am7b5,D7b9|Gm7|Am7b5,D7b9|Gm7,Gb7|Fm7,Bb7",NA,""
"How High The Moon","Gmaj7|Gmaj7|Gm7|C7|Fmaj7|Fmaj7|Fm7|Bb7",NA,""
"How Little We Know","Fmaj7|Fmaj7|Gm7|C7|Fmaj7|Fmaj7|Bbm7|Eb7",NA,""
"How Long Has This Been Going On?","C7|C07|C7,F7|Bb7,Eb7|Fmaj7,Ab07|Gm7,,C7,F7|Bbmaj7,C7b13|F6",NA,""
"Hungaria","G69|G69|Ab69|Ab69|G69|G69|E7|E7",NA,""
"I Ain't Got Nobody","G7|G7,F#7,F7,E7|A7|A7|G/D,Em|Am7,D7|G6,Em7|Am7,D7",NA,""
"I Can't Believe That You're In Love With Me","F6|Bb7|Cmaj7|D7|G7|G7|Cmaj7|Gm7,C7",NA,""
"I Can't Get Started","Cmaj7,Am7|Dm7,G7|Bm7,E7,Bbm7,Eb7|Am7,D7,Abm7,Db7|Cmaj7,A7#5|Dm7,G7|C6,A7|D7,G7",NA,""
"I Can't Give You Anything But Love","Fmaj7,C7|Am7,Ab07|Gm7|C7|Fmaj7,C7|Am7,Ab07|Gm7|C7",NA,""
"I Could Have Danced All Night","C|Cmaj7|Cmaj7|C6|Cmaj7|A7|Dm7|G7",NA,""
"I Could Write A Book","Cmaj7,Am7|Dm7,G7|Cmaj7,Am7|Dm7,G7|Cmaj7,Dm7|Em7,A7#9|Dm7|Bm7b5,E7b9",NA,""
"I Cover The Waterfront","Em7,A7|Am7,D7|Gmaj7,Cmaj7|Bm7,Bb07|Am7|D7sus,D7|Gmaj7|Bm7b5,E7b9",NA,""
"I Cried For You","Fmaj7|Am7,D7|Dm7/G|G7|Gm7|C7|F6|Gm7,C7",NA,""
"I Didn't Know About You","Gm7,C7|Fmaj7,F6|Bb7,A7|Eb9,D7b9|G7#11|Gm7,C7|F6,Gm7|Am7,D7b9",NA,""
"I Don't Know Enough About You","D7|G7|C7,B7|Bb7,A7|D7|Em7,A7|D7,G7|C6",NA,""
"I Found A New Baby","Dm7|Em7b5,A7|Dm7|D7|G7|C7|Fmaj7|Fmaj7",NA,""
"I Got It Bad","G0,Gmaj7|B7b13,Em7|A7,Em7|A7|Am7|B7,E7,A7,D7|G6,Em7|Am7,D7",NA,""
"I Got Rhythm","Bb6,Gm7|Cm7,F7|Dm7,Gm7|Cm7,F7|Bb7,Bb7/D|Eb7,E07|Bb6/F,F7|Bb6,F7",NA,""
"I Got The Sun In The Morning","C7b5/Gb,F6|C7b5/Gb,F6|C7b5/Gb,F6|F6,F7|Bbmaj7,Eb9|Gm7,F6|Bbmaj7,Eb9|Gm7,F6",NA,""
"I Guess I'll Hang My Tears Out To Dry","Em7,Ebm7|Dm7,G7|Cmaj7,Am7|Dm7(Bm7b5),G7(E7)|Gm7,C7|Fmaj7,Bb7|Em7,A7,Dm7,G7|C6,G7",NA,""
"I Hadn't Anyone Till You","Gm7,C7|Gm7,C7|F6,Gm7|Am7,D7|Am7,D7|Am7,D7|G7|G7",NA,""
"I Have Dreamed","F6|Gm7/F|F|Gm7/F|F6|Gm7/F|Gm7/C|C9",NA,""
"I Hear A Rhapsody","Cm7,(Gb7#11)|Fm7,Bb7|Ebmaj7,Ab7|Gm7b5,C7b9|Fm7(Fm7b5),Abm7|Bm7(Bb7b9),Bb7|Ebmaj7|Dm7b5,G9#5",NA,""
"I Hear Music","Am7b5,D7#5|G9,C7|Am7b5,D7#5|G9,C7|F7,Bb6|F7,Bb6|C7,F|C7,F",NA,""
"I Left My Heart In San Francisco","C6,G7|Em7,Eb07|Dm7|G7|Dm,Dm/maj7|Dm7,G7|Cmaj7,G7|Cmaj7,,Dm7,D#0",NA,""
"I Let A Song Go Out Of My Heart","Eb6,Ab7|Ebmaj7,Cm7|Gm7,C7|Gm7,C7|Fm/Ab,Gm7,Fm7,F#0|Ebmaj7/G,Ab7|Ebmaj7/Bb,Bb7|Eb6,Bb7",NA,""
"I Like The Likes Of You","Ebmaj7,Cm7|Fm7,Bb7|Ebmaj7,Cm7|Fm7,Bb7|Ebmaj7,Cm7|F7,Bb7|Eb6|Fm7,Bb7",NA,""
"I Loves You Porgy","Fmaj7,,Cm7,F7|Bbmaj7,Dm7/A|Gm7,C7sus|Fmaj7,A7b13|Dm7|G7|Gm7,C7sus|F6,C7sus",NA,""
"I Mean You","F6|F6|Db7|D7|Gm7|C7|F6|F6",NA,""
"I Remember Clifford","Ebmaj7,G7|Abmaj7,A07|Bb7,B07|Cm7,Cm7/Bb|Am7b5,D7b9|Gm7b5,C7b9|Fm7,Bb7alt|Eb6,,Fm7,Bb7",NA,""
"I See Your Face Before Me","Ebmaj7,Fm7|Gm7,Fm7|Ebmaj7,C7|Fm7,Bb7|Fm,Fm/maj7|Fm7,Bb7|Fm7,Bb7sus|Ebmaj7",NA,""
"I Should Care","Dm7,G7|Em7,A7|Dm7,G7|Cmaj7|Em7b5|A7b9|Dm7|Fm7,Bb7",NA,""
"I Surrender Dear","Dm7,F7|Em7b5,A7b9|Dm7,E7|Am7,D7|Cmaj7,Am7|D7|Dm7,G7|Cmaj7,A7",NA,""
"I Think Of You","Ab|G07/A|Ab|Ab07,G07/Ab|Ab6|F7b9|Bbm7|Eb7",NA,""
"I Thought About You","Bm7b5(Fmaj7),Bb7#11|A7,D7b13|G7,Ab7|G7|Gm7,Gm7/F|Em7b5,A7b9|Dm7,Db7|Cm7,F7",NA,""
"I Want To Be Happy","Cmaj7,F7|Em7,A7|Dm7|G7|Dm7|G7|C6,Am7|Dm7,G7",NA,""
"I Want To Talk About You","Ebmaj7|Bbm7,Eb7|Abmaj7|Abm7,Db7|Gm7,C7|Fm7,Bb7|Db7,C7|B7,Bb7",NA,""
"I Wish I Knew","Am7|D7|Am7|D7|Gmaj7|C7|Gmaj7|Bm7,E7",NA,""
"I Wish I Were In Love Again","Gmaj7|C7#11|Gmaj7|C7#11|Gmaj7|B7,Em7|Am7,D7|G6,D7",NA,""
"I Wish You Love","Fm7|Bb7|Ebmaj7,Ab7|Gm7,Gb07|Fm7|Bb7|Eb6,Ab7|Gm7,C7",NA,""
"I'll Be Around","Cmaj7,Dm7|Em7,Fmaj7|G7,G#07|Dm7/A,G7/B|Cmaj7,Am7|Dm7,G7|C6,Eb7|Abmaj7,,Dm7,G7",NA,""
"I'll Close My Eyes","Fmaj7|Fmaj7|Em7b5|A7b9|Dm7|G7|Cm7|F7",NA,""
"I'll Never Smile Again","Fm7,B9#11|Bb7sus,Bb7b9|Ebmaj7|Gm7,Gb07|Fm7,B9#11|Bb7b9|Eb6,Ab9|Gm7,Gb7b5",NA,""
"I'll Only Miss Her When I Think Of Her","Am7|D7|Gmaj7|Cmaj7|F#m7b5|B7b9|Em7,Eb7|Dm7,G7",NA,""
"I'll See You In My Dreams","Bb6|Bb6|Bbm6|Bbm6|F6|E7|F6|F6",NA,""
"I'm A Fool To Want You","Em6|Bm7b5,E7b9|Am6|F#m7b5,B7b9|Em7|Am7|F#m7b5,B7b9|Em6",NA,""
"I'm Beginning To See The Light","D7,G7|C6,A7|D7,G7|Ebm7,Ab7|D7,G7|C7,Bb7,A7,|D7,G7|C6",NA,""
"I'm Confessin' (That I Love You)","Gmaj7,D7#5|Gmaj7,D7#5|Gmaj7|Bm7,E7|Em7,A7|Am7,D7|G6|Am7,D7",NA,""
"I'm Glad There Is You","Fmaj7|Fmaj7|Fm7|Fm7(Bb7)|Gm7|C7|Fmaj7,D7b9|Gm7,C7",NA,""
"I'm Gonna Laugh You Right Out Of My Life","Fmaj7|Ab07|Gm7|C7sus,B07|Am7|Ab7|Dmaj7|Gm7,C7",NA,""
"I'm Gonna Sit Right Down and Write Myself A Letter","Gmaj7|Gmaj7,D7|Gmaj7|Gmaj7|Gmaj7|B7|C,E7|Am7",NA,""
"I'm In The Mood For Love","Cmaj7,Am7|Dm7,G7|Dm7,G7|Cmaj7,F7|Em7,Eb07|Dm7|G7|C6",NA,""
"I'm Just A Lucky So-And-So","G6|Cmaj7|G6|Dm7,G7|C7,A7|Am7,D7|G6,E7#9|Am7,D7",NA,""
"I'm Putting All My Eggs In One Basket","Cmaj7|Cmaj7|Gm7,C7|F6,Fm6|Em7,A7|Dm7,G7|C6,Am7|Dm7,G7",NA,""
"I'm Sitting On Top Of The World","Fmaj7,F7|Bbmaj7|Fmaj7,Gm7|Am7,Dm7|G7|Gm7,C7|F6|Gm7,C7",NA,""
"I'm Through With Love","Fmaj7,Ab07|Gm7,C7|Cm7,F7|Bbmaj7,Eb7|Am7,D7b9|Gm7,D7b9|Gm7,C7b9|F6",NA,""
"I've Found A New Baby","Cm7|Ab7,G7|Cm7|C7|F7|Bb7|Eb6|Ab7,G7",NA,""
"I've Got A Crush On You","Bbmaj7,Db07|Cm7,F7|Bbmaj7,Db07|Cm7,F7|Dm7,Gm7|C7|C7|Cm7,F7",NA,""
"I've Got The World On A String","F6,Eb7,D7,|Gm7,C7|Fmaj7,Bb7|Am7,Abm7|Gm7,C7|Gm7,C7|F6,Dm7|Gm7,C7",NA,""
"I've Grown Accustomed To Her Face","Ebmaj7,Ab7#11|Gm7,Cm7|Fm7|Bb7|Am7b5,D7b9|Gm7,C7b9|Fm7,C7b9|Fm7,Bb7",NA,""
"I've Heard That Song Before","Cmaj7,C6|C6|Bm7,E7|E7|A7|A7|D7|D7",NA,""
"I've Never Been In Love Before","Bb6,Gm7|Cm7,F7|Bbmaj7,Eb7|Dm7,G7|Cm7|F7|Bb6|Cm7,F7",NA,""
"I've Told Eve'ry Little Star","F6,Dm7|Gm7,C7|A7b9,Dm7|Bbm7,Eb7|Am7,Dm7|Gm7,C7|F6|Gm7,C7",NA,""
"If I Could Be With You","Fm7|Bb7,Bb7#5|Eb6,G7|C7|F7|Bb7|Eb6,C7|F7,Bb7",NA,""
"If I Didn't Care","Bb6,F7#5|Bb6|Bb6,F7#5|Bb6|C7,C7#5|C7|C7,C7#5|C7",NA,""
"If I Had You","Bbmaj7|Bb7|Ebmaj7|Ebm6|Bbmaj7,Db07|Cm7,F7|Bbmaj7,Db07|Cm7,F7",NA,""
"If I Should Lose You","Cm7|F7|Bbmaj7|Am7b5,D7b9|Gm7|C7|Cm7|Am7b5,D7b9",NA,""
"If I Were A Bell","F6,F7/A|Bb6,C7|F6|Em7b5,A7|Dm7,Dm7/C|Bm7b5,E7|Amaj7|Gm7,C7",NA,""
"If You Could See Me Now","Ebmaj7|Ab7|Ebmaj7|Abm7,Db7|Gm7,F#m7,B7,|Fm7,Bb7|Eb6|Fm7,Bb7",NA,""
"Impressions","Dm11|Dm11|Dm11|Dm11|Dm11|Dm11|Dm11|Dm11",NA,""
"In A Mellow Tone (In A Mellotone)","Bb7|Eb7|Ab6|Ab6|Ebm7|Ab7|Dbmaj7|Dbmaj7",NA,""
"In a Sentimental Mood","Dm,Dm/maj7|Dm7,Dm6|Gm,Gm/maj7|Gm7,,Em7b5,A7|Dm|D7|Gm7,C7b9|F6,,Em7b5,A7",NA,""
"In Love In Vain","Bbmaj7,Gm7|Cm7,F7|Bbmaj7,Gm7|Cm7,F7|Bbmaj7,Gm7|Cm7,F7|Dm7|G7",NA,""
"In The Middle Of A Kiss","Am7,C7|F7,E7|Am7,D7|Gm7,C7|Fmaj7|Em7b5,A7|Dm7,A7|Dm7",NA,""
"In The Wee Small Hours Of The Morning","Cmaj7,C7|C6,Caug|Cmaj7,Caug|Dm7,G7|Dm7,G7|Em7b5,A7|F#m7b5,B7|Em7,A7,Dm7,G7",NA,""
"In Walked Bud","Fm|Fm/maj7|Fm7|Bb7,Eb7|Ab6,F7|Bbm7,Eb7|Ab6|Gm7b5,C7b9",NA,""
"In Your Own Sweet Way","Am7b5,D7b9|Gm7,C7|Cm7,F7|Bb7,Ebmaj7|Abm7,Db7|Gbmaj7,Bmaj7|F7alt,B7|Bb7,Eb6",NA,""
"Indian Summer","Am7|F#m7b5,B7b9|Em7|Em7|A7|A7|Am7|D7",NA,""
"Irresistable You","Gm7|C7|Fmaj7,Gm7|Am7,Ab07|Gm7|C7|Fmaj7,Gm7|Am7,Bbmaj7",NA,""
"Is You Is Or Is You Ain't (Ma' Baby)","Fm7,Fm7/Eb|Db7,C7|Fm7,Fm7/Eb|Db7,C7|Bb7|Bb7|Eb7|Db7,C7",NA,""
"Isfahan","Dbmaj7|Bbmaj7,Bb7#5|Eb9|Eb9|Amaj7|Ab13b9|Dbmaj7|Dbmaj7",NA,""
"Island Birdie","Eb6|Fm7,Bb7|Eb6|Fm7,Bb7|Dm7b5,G7|Cm7,F7|Fm7,Bb7|Eb6",NA,""
"Isn't It A Pity","Cmaj7,Am7|F#m7b5,B7b9|Em7,A7|Dm7,G7|Cmaj7,,Gm7,C7|F,Em7,Dm7,G7|C6|Dm7,G7",NA,""
"Isn't It Romantic?","Eb6,Cm7|Fm7,Bb7|Ebmaj7,E07|Fm7,Bb7|Eb6/G,C7|Fm7,Bb7|Ebmaj7|Bbm7,Eb7",NA,""
"It Ain't Necessarily So","Gm7,C7|Gm7,C7|Gm7,C7|Gm7,C7|C7,Db7|C7,Db7|A7b9#5,D7#9|Gm7,C7",NA,""
"It Could Happen To You","Ebmaj7|E07(Gm7b5),(C7b9)|Fm7|F#07(Am7b5),(D7b9)|Ebmaj7|Abmaj7|Gm7b5|C7b9",NA,""
"It Don't Mean A Thing","Gm(Gm),Gm/F#|Gm/F(Gm/maj7),C7/E|Eb7(Gm7),D7|Gm|C7|C#07|Bb6|Bb6",NA,""
"It Had To Be You","Gmaj7,D7#5|Gmaj7,F7|E7,Bm7|E7|A7,Em7|A7,Em7|A7,Em7|A7",NA,""
"It Was So Good While It Lasted","Cmaj7,B7|Em7b5,A7b9|Dm7,Dm7/C|Bb7|Am7,Am7/G|F#m7b5,D7|Dm7,G7|C6,G7sus",NA,""
"It's A Blue World","Gm9|Gm9,C7#5|Fmaj9|Fmaj9|Cm9|Cm9,F7#5|Bbmaj9|Bbmaj9",NA,""
"It's A Lovely Day Today","Bbmaj7,Gm7|Cm7,F7|Bbmaj7|Fm7,Bb7|Ebmaj7,Ebm7|Bbmaj7/D,Db07|Cm7|F7",NA,""
"It's Been A Long Long Time","F,Fmaj7|F6|F6,F#07|C7|Gm7,D7|Gm7,C7|Gm7,C7#5|Fmaj7",NA,""
"It's Easy To Remember","Fm7,Bb7|Ebmaj7,C7|Fm7,Bb7|Bbm7,Eb7|Abmaj7|Db7|Cm7,F7,Fm7,Bb7|Eb6",NA,""
"It's Magic","Bbmaj7,Ebmaj7|Bb/D,Db07|Cm7,F7|Cm7,F7|Cm7|F7|Bbmaj7|F7sus,F7",NA,""
"It's Only a Paper Moon","Gmaj7,E7|Am7,D7|Am7,D7|Gmaj7,,Am7,D7|Dm7,G7|Cmaj7,Am7b5|D7|G6,,Am7,D7",NA,""
"It's The Talk Of The Town","Fmaj7,Ab07|Gm7,C7|Fmaj7,F7#5|Bbmaj7,Eb7|Fmaj7,E7|Eb7,D7|G7,C7|F6,C7",NA,""
"It's You Or No One","Gm7|C7|Fmaj7,Bb7|Am7,D7|Gm7|C7|Fmaj7|Fmaj7",NA,""
"James","D#6,B/D#|G/D,A/C#|C6,C07|G/B,Gm/Bb|D/A|Fmaj7/A|D/A|Gadd9,,G,A",NA,""
"Je Ne Sais Pas","Fmaj7,,Bbm7,Eb7|Abmaj7,Db7|Gm7,C7|Fmaj7,D7|Bbmaj7,B07|Fmaj7,D7b9|Gm7,C7|F6",NA,""
"Jeannie's Song","Gm7|C7|Gm7|C7|Fmaj7|Bb9|Am7|Ab07",NA,""
"Jeannine","Dbmaj7|Gm7b5,C7|Fmaj7|Fmaj7|Fm7|Bb7|Bbm7|Eb7",NA,""
"Jeepers Creepers","Cm7,F7|Bb6,Gm7|Cm7,F7|Bb6,Gm7|Cm7,F7|Bb6,Gm7|Cm7,F7|Bb6",NA,""
"Jersey Bounce","F6|F6|G7|G7|Gm7|C7|F6,Db7|F6",NA,""
"Joker, The","Eb6,C7#9|Fm7,Bb7|Gm7,C7|Fm7,Bb7|Bbm7,Eb7|Abmaj7,Db7|Fm7,Bb7|Eb6",NA,""
"Jordu","D7,G7|Cm6|F7,Bb7|Ebmaj7|D7,G7|Cm6|Ab7|Ab7",NA,""
"Joy Spring","Fmaj7|Gm7,C7|Fmaj7|Bbm7,Eb7|Am7,Ab7|Gm7,C7|Fmaj7|Abm7,Db7",NA,""
"Just A-Sittin' And A-Rockin","Ab,Ab7/C|Db,Ab6|Db,Ab/C|Bbm7,Eb7,Ab6,|Db,Ab/C|Db,D07|Db,D07,Ab/Eb,Fm7|Bbm7,Eb7,Ab6,",NA,""
"Just Friends","Cmaj7|Cmaj7|Cm7|F7|Gmaj7|Gmaj7|Bbm7|Eb7",NA,""
"Just In Tune","D7sus|D7sus|Dm7b5|G7b9|Cm7|Cm7/Bb|Am7|Am7",NA,""
"Just One More Chance","Dm7,G7|Cmaj7|Am7b5,D7|Gmaj7|Bm7b5,E7|Am7|Em7,A7|Am7,D7",NA,""
"Just Squeeze Me","Fmaj7,Gm7|Am7,C7|Fmaj7,Bbmaj7|Am7,D7|Gm7|C7|Fmaj7,D7|Gm7,C7",NA,""
"Just You, Just Me","C6|A7|Dm7|G7|C6,C7|Fmaj7,Bb7|C6/G,G7|C,G7",NA,""
"Kary's Trance","Am6|Am6|Dm6|Dm6|Bm7b5|E7b9|Am6|Am6",NA,""
"Keepin' Myself For You","Ebmaj7,E07|F7,Bb7|Am7b5,Abm7|Gm7b5,C7b9|Fm7,Abm6|Fm7,Bb7sus|Eb6,C7b9|Fm7,Bb7",NA,""
"Kids Are Pretty People","Dm7,A7#9|Dm7,,Cm7,F7|Bb7,A7#9|Dm7,G7|Fmaj7/C,A7/C#|Dm7,Dm7/C|Bm7b5,E7#9|A7#9",NA,""
"L.O.V.E.","G6|Gmaj7|Am7|D7|D7|D7|Gmaj7|G6",NA,""
"La Vie En Rose","C,C6|Cmaj7,C6|C|Dm7,G7|Dm7,G7|Dm7,G7|Dm7,G7|C,C#0,Dm7,G7",NA,""
"Ladies In Mercedes","Gmaj7|Gmaj7|C7#11|C7#11|Bm7|Bm7|E7|E7",NA,""
"Lady Sings The Blues","Fm|Fmaug|Fm6|Fm7|Fmaj7|Bbmaj7|Fmaj7,Eb7,D7,|Gm7,C7b9",NA,""
"Lady's In Love With You, The","A7|A7|Am7|D7|G6|G6,D7#5|G6|G6",NA,""
"Lakes","D,,A/C#,Bm|Bm,D/A|E/G#,G/A|Dmaj7,F#7|F#7,Bm7|Em,,G/A,A/G|Dmaj7/F#,Em9|G/A,Bb/A",NA,""
"Lament","Fm|Ebm7,Ab7|Dbmaj7|Gm7b5,C7b9|Fmaj7|Dm7|Gm7(Em7b5)|Em7b5(A7b9),A7b9",NA,""
"Lamp Is Low, The","Dm7(G13sus)|G7|Dm7|G7|C6|F7|Em7|A7",NA,""
"Last Night When We Were Young","Gmaj7,C7|Bm7,E7b13|A7|Am7,D7#9|Dm7,G7|Am7b5,D7b9|Gmaj7,G#07|Am7,D7",NA,""
"Last Time I Saw Paris, The","Ab6|Ab6|Ab6|Eb7|Bbm7|Eb7|Bbm7,Eb7|Ab6",NA,""
"Laura","Am9|D7b9|G6|G6|Gm9|C7b9|Fmaj7|Fmaj7",NA,""
"Lazy Afternoon","Am7|A7|Am7|D7|Am7|D7|Am7|D7",NA,""
"Lazy Bird","Am7,D7|Cm7,F7|Fm7|Bb7|Ebmaj7|Am7,D7|Gmaj7|Gmaj7",NA,""
"Lazybones","Cmaj7,F7|Cmaj7,F7|Cmaj7,,F7,G7|C6,C7/Bb|A7|Dm7|Ab7b5,G7|C6,,Dm7,G7",NA,""
"Leila","Gm7,C7b9|Am7,D7b9|Gm7,C7b9|Fmaj7|Bbm7,Eb7b9|Abmaj7,Dbmaj7|Gm7,C7b9|Fmaj7",NA,""
"Let There Be Love","Ebmaj7|Abmaj7|Gm7b5|C7|Fm7b5|Bb7|Ebmaj7,Ab7|Gm7,F#07",NA,""
"Let There Be You","Cmaj7,F#07|Dm7,G7|G7,G7#5|C,C,B7,Bb7|A7|Dm7|D7,G7,Dm7,G7|Cmaj7",NA,""
"Let's Call This","D9sus|D9sus|D9sus|D9sus|D9sus|D9sus,F#7|F7,E7|Eb7,D7",NA,""
"Let's Cool One","Ebmaj7|Fm7,Bb7|Eb,D7,Db7,G7|C7b9#11|F7|Bb7|Eb6|Eb6(Fm7),(Bb7)",NA,""
"Let's Do It (Let's Fall In Love)","Bb6,B07|Cm7,F7|Bb6,Bb7|Eb7|Bb6/D,Gm7|Cm7,F7b9|Bb6,G7#5|Cm7,F7#5",NA,""
"Let's Fall In Love","Am,Am/maj7|Am7|D7,Am7|D7,D#07|Em7,Am7|Dm7,G7|Em7,A7b9|Dm7,G7",NA,""
"Let's Get Away From It All","Ebmaj7,Bb7b9|Ebmaj7,Eb7|Abmaj7,F#07|Gm7,C7|Fm7,Bb7|Db7,C7|Fm7,E7|Eb6",NA,""
"Let's Get Lost","Cmaj7|F#m7b5|Cmaj7|F#m7b5,B7b9|Em7b5|A7b13|Em7b5|A7b13",NA,""
"Li'l Darling","Bb6,Bbm6|F6,F7|Bb6,Bbm6|Am7b5,D7b9|G7|Dm7,G7|Gm7,C7|Am7b5,D7b9",NA,""
"Like Someone In Love","Ebmaj7,G7/D|Cm7,Cm7/Bb|Am7b5,Ab7|Gm7,C7|Fm7|Am7(Bb7),D7|Ebmaj7|Bbm7,Eb7",NA,""
"Like Sonny","Am7|Am7|Fm7|Fm7|C#m7|C#m7,F#7|Bmaj7|Ebm7,Ab7",NA,""
"Lily of The Valley","F|F|C7|F|F|F|C7|F",NA,""
"Line For Lyons","G6,G7b9|Cm7,F7|Bm7,E7|Am7,D7|Gmaj7,E7|Am7,D7|G6|Am7,D7",NA,""
"Linger Awhile","F6|F6,C7|F7|F7,Db7|C7|C7|F6|Gm7,C7",NA,""
"Little Chicago Fire","Bb69,G7#5|Cm9,F13b9|Bbmaj7,Db9|Gbmaj7,F7b9#5|Bm7,E9|Eb69,Ebm7/Ab|Dm7,G7#9|Cm7,F9,Bb69,",NA,""
"Little Peace In C For You","Cmaj7,A7|Dm7,G7|Em7,A7|Dm7b5,G7|Cmaj7,A7|Dm7,G7|Cmaj7,A7|Dm7,G7",NA,""
"Little Rootie Tootie","Abmaj7,F7|Bbm7,Eb7|Abmaj7,F7|Bbm7,Eb7|Abmaj7,Ab7|Dbmaj7,D07|Ab6/Eb,Eb7|Ab6",NA,""
"Little Sunflower","Dm7|Dm7|Dm7|Dm7|Dm7|Dm7|Dm7|Dm7",NA,""
"Liza","Cm7|Abmaj7|Cm7|Bbm7,Eb7|Ab6|Gm7b5,C7b9|Fm7|B7,Bb7",NA,""
"Lonely Dreams","G7b5|Dbm7,Gb7|G7b5|Dbm7,Gb7|Cm7,F7|B7b5|Bbmaj7|Bbmaj7",NA,""
"Lonesome Road, The","Eb6|Eb7|Abm6|Abm6|Eb|Bb7|Eb|Eb",NA,""
"Long Ago And Far Away","F6,Dm7|Gm7,C7|Fmaj7,Dm7|Gm7,C7|F6,Dm7|Gm7,C7|F6,D7|Gm7,C7",NA,""
"Lonnie's Lament","Cm7,Dm7|Ebmaj7,Dm7|Cm7,Dm7|Ebmaj7,Dm7|Cm7,Dm7|Ebmaj7,Dm7|Cm7,Dm7|Ebmaj7,Dm7",NA,""
"Look For The Silver Lining","Ebmaj7|Fm7,Bb7|Ebmaj7|Fm7,Bb7|Gm7|Ab7|Gm7|Cm7",NA,""
"Love Is Just Around The Corner","G7,C7|Fmaj7,D7|G7,C7|Fmaj7,D7|G7,C7|Am7,D7|G7,C7|F6,D7",NA,""
"Love Is The Sweetest Thing","D6,Bm7|Em7,A7|D6,Bm7|Em7,A7|Am7,D7|Gmaj7,Em7|Bm7,,E7,A7|D6",NA,""
"Love Me Or Leave Me","Fm7|G7,C7|Fm7|G7,C7|Abmaj7,Fm7|Bbm7,Eb7|Ab6|Gm7b5,C7b9",NA,""
"Love Nest, The","Ebmaj7,Cm7|Fm7,Bb7|Ebmaj7|Eb7|Abmaj7,Fm7|Bbm7,Eb7|Abmaj7|Abmaj7",NA,""
"Love Vibrations","Dm7b5|Db7b5|Cm7|F7|Fm7|Bb7|Ebmaj7,A7|Ab7,D7b9",NA,""
"Love Walked In","Ebmaj7|Cm7|F7|Bb7sus,Bb7|Ebmaj7|Cm7|F7|Bb7",NA,""
"Lover Man","Dm7,G7|Dm7,G7|Gm7,C7|Gm7,C7|F7|Bb7|Abm7,Db7,Gm7,C7|Fmaj7,,(Em7b5),(A7)",NA,""
"Lucky Southern","Dmaj7|Dmaj7|E7|E7|Gmaj7|Bb7,A7|Dmaj7|Dmaj7,Ebmaj7#11",NA,""
"Lullaby In Rhythm","Fmaj7|Fmaj7,G07|Fmaj7|Abm7,Db7|Gbmaj7|Gm7|C7|F6",NA,""
"Lullaby Of Birdland","Fm,Dm7b5|G7,C7|Fm|Bbm7,Eb7|Cm7,Fm7|Bbm7,Eb7|Abmaj7,Eb7|Ab6,,Gm7b5,C7",NA,""
"Lullaby Of The Leaves","Cm,Am7b5|D7,G7b13|Gm7,C7|Fm7,Fm7/Eb|Dm7b5|G7b13|Cm|Dm7b5,G7b9",NA,""
"Lulu's Back In Town","C7,F7|Bb7,Ebmaj7|C7,F7|Bb7,Eb7|Abmaj7,A07|Gm7,C7|F7,Bb7|Eb6",NA,""
"Lyresto","Ebmaj7|Gm7,C7|Fm7|Bb7|Ebmaj7|Gm7,C7|Abm7|Db7",NA,""
"Mahjong","Fm11|Eb69|Fm11|Eb69|Fm11|Eb69|Fm11|Eb69",NA,""
"Maiden Voyage","D9sus|D9sus|D9sus|D9sus|F9sus|F9sus|F9sus|F9sus",NA,""
"Making Whoopee","Gmaj7,G#07|Am7,D7|Dm7,G7|Cmaj7,F7|Gmaj7,Em7|Eb7,D7|G6,Em7|Am7,D7",NA,""
"Mambo Inn","Gm7,C7|Fmaj7,D7|Gm7,C7|Fmaj7,D7|Gm7,C7|Am7,D7|Gm7,C7|F6",NA,""
"Man I Love, The","Eb6|Ebm7|Gm7b5|C7b9|Fm7b5|Bb7|Eb6,Ab7|Eb6,,Fm7,Bb7",NA,""
"Manhattan","Fmaj7,D7|Gm7,C7|Fmaj7,Bb7|Am7,Ab07|Gm7|C7,Bb7#11|Am7,D7|Gm7,C7",NA,""
"Manteca","Bb7|Bb7|Bb7|Bb7|Bb7|Bb7|Bb7,Ab7|Db7,,Gb7,F7",NA,""
"Maybe September","Am|Am/maj7|Bm7b5|E7b9|Am7|Am7|G7sus|G7",NA,""
"Maze, The","Em7|A7|Em7|A7|Am7|Gm7|F#m7b5|B7b9",NA,""
"Mean To Me","Fmaj7,F#07|Gm7,C7|Fmaj7,,Cm7,F7|Bbmaj7,Eb7|Am7,D7|Gm7,C7|F6,Dm7|G7,C7",NA,""
"Meaning Of The Blues, The","Dm,Dmaug|Dm6,D7#9|Gm7,Gm7/F|Em7b5,A7b9|Dm,Dmaug|Dm6,D7#9|Gm7|Bbm6,C7",NA,""
"Memories Of Tomorrow","Am|Am/maj7|Am7|Em7|F|C|G9sus|C",NA,""
"Memories Of You","Ebmaj7,E07|Fm7,F#07|Ebmaj7/G,Cm7|Am7b5,Abm6|Ebmaj7,D7|Db7,C7|F7,Bb7|Eb6,,Fm7,Bb7",NA,""
"Mercy Mercy Mercy","Bb7|Eb7|Bb7|Eb7|Bb7|Eb7|Bb7|Eb7",NA,""
"Midnight Blue","Fm7,Gm7|Abmaj7,Gm7|Fm7,Gm7|Abmaj7,Gm7|Fm7,Gm7|Abmaj7,Gm7|Gm7b5,C7#9|Fm7",NA,""
"Milano","Dm7,G7|Cmaj7,Am7|Dm7,G7|C7,F#7|Fmaj7,,Dm7,G7|Em7,A7b9|Dm7,G7b9|C6,A7#5",NA,""
"Miles Ahead","A7|Dm7|Dm7|G7sus|Bbmaj7|Db7|Cmaj7|Cmaj7",NA,""
"Milestones (New)","Gm7|Gm7|Gm7|Gm7|Gm7|Gm7|Gm7|Gm7",NA,""
"Milestones (Old)","Fmaj7|Bbm7,Eb7|Abmaj7|Dbm7,Gb7|Cm7|F7|Bbmaj7|G7b13",NA,""
"Mimi","Gmaj7|G6|Am7|D7|Gmaj7|G6|Am11|D7",NA,""
"Mimosa","Fm9|Bb13/F|Db7#11|C7b9|Fm9|Bb13/F|Db7#11|C7b9",NA,""
"Minoat","F7#11|Fm9,Bb7b9|Abmaj7#11|G7b13|Cm7,Baug/C#|Dm7b5,G7b13|Cm69|C7b9",NA,""
"Minor Mishap","Bbm7|C7#9,F7b9|Bbm7|C7b9b13,F7b9|Bbm7|Ebm7,Bbm7|Gm7b5|C7b9",NA,""
"Misty","Ebmaj7|Bbm7,Eb7|Abmaj7|Abm7,Db7|Ebmaj7,Cm7|Fm7,Bb7|Eb6|Fm7,Bb7",NA,""
"Moments To Remember","Gmaj7,G6|Gmaj7,G6|G,G7#5|C,Am|D7|D7|Cm,G|Cm,G",NA,""
"Mona Lisa","Eb6|Eb6|Ebmaj7,C7b9|Fm7,Bb7|Fm7|Bb7|Fm7,Bb7|Ebmaj7,Bb7",NA,""
"Monk's Dream","C7|C7|C7|C7|C7|C7|C7|C7",NA,""
"Monk's Mood","Fm7,,Bb7,C|Cmaj7|Dm7b5,G7b9#11|Dbmaj7|Bb7,A7b13|E7b9,Eb7#9|Ab7#5,G7|Dbmaj7#11",NA,""
"Moon And Sand","Dm7|G7b9|Cm7|F7b9|Bbmaj7|Gm7|Em7b5|A7",NA,""
"Moon Mist","Dm7,Dm7/C|Bm7b5,Bb7|Am7,Eb7|D7|G7sus,G7|C7sus,C7|Fmaj7,Dm7|Em7b5,A7b9",NA,""
"Moondance","Am7,Bm7/E|Am7,Bm7/E|Am7,Bm7/E|Am7,Bm7/E|Am7,Bm7/E|Am7,Bm7/E|Am7,Bm7/E|Am7,Bm7/E",NA,""
"Moonglow","Cmaj7|F7#11|G6|A7|Am7|D7|G6,Eb7|Am7,Eb7,G6,",NA,""
"Moonlight In Vermont","Am7,D7|Gmaj7,Em7|Am7,D7|Gmaj7|Bbm7,Eb7|Abmaj7,Fm7|Bbm7,Eb7|Abmaj7,Bb7b9",NA,""
"Moonlight Saving Time","Fmaj7,Ab07|Gm7,C7|F6,C7|Am7,Ab07|Gm7,F#07|C7/G,C7|G7,C7|F6,,Gm7,C7",NA,""
"Moontrane, The","Bbmaj7|Bbmaj7|Am7|Am7|Cm7,Dm7|Eb7#9,Fm7|Dmaj7#11|Dmaj7#11",NA,""
"Moose The Mooche","Bbmaj7,G7|Cm7,F7|Dm7,G7|Cm7,F7|Fm7,Bb7|Eb7,Ab7|Cm7,F7|Bb6",NA,""
"More Than You Know","C6,G7#5|Gm7,C7|Fmaj7,,Em7,A7|Dm7,Fm6|G7,Ab7#11|Dm7,G7|Em7,A7|Dm7,G7",NA,""
"Morning","Bm7,E7|Am7,D7|Bm7,E7|Am7,D7|Dm7,G7|Em7,A7|Bm7,E7|Am7",NA,""
"Mountain Greenery","C6,Am7|Dm7,G7|C6,Am7|Dm7,G7|C6|Am7,D7|Em7,A7|Dm7,G7",NA,""
"Move","Bb6|Eb7|Bb6|B07|Cm7|F7|Bb6|Bb6",NA,""
"My Baby Just Cares For Me","Amaj7|Bm7,E7|Amaj7|Bm7,E7|Amaj7|Bm7,E7|Bm7|E7",NA,""
"My Foolish Heart","Bbmaj7,Ebmaj7|Dm7,G7|Cm7|Em7(F7),A7b9|Bbmaj7,D7#9|Gm7,(Db7)|Cm7|Cm7,F7b9",NA,""
"My Funny Valentine","Cm6|Dm7b5(Cm/maj7/B),G7b9|Cm7(Cm7/Bb)|F7(Cm6/A)|Abmaj7|Fm7|Dm7b5|G7b9",NA,""
"My Heart Belongs To Daddy","Cm6|Cm6|Cm6|Fm6|G7b9|Dm7b5,G7b13|Dm7b5,G7b13|Cm6",NA,""
"My Heart Stood Still","Fmaj7,Dm7|Gm7,C7|Fmaj7,F7|Bb6,Eb7|Am7,D7b13|Gm7,C7|F6,Dm7|Gm7,C7",NA,""
"My Ideal","Eb6,C9#5|Fm7|Db7,C9#5|F7|Fm7,Bb7|Dm7b5,G7b9|Cm7,F7|B7,Bb7",NA,""
"My Last Affair","Cmaj7,Am7|Dm7,G7|Cmaj7,F7|Em7,Eb07|Dm7,G7|D7,G7|C6,Eb7|Abmaj7,G7",NA,""
"My Little Suede Shoes","Fm7,Bb7|Ebmaj7|Fm7,Bb7|Ebmaj7|Fm7,Bb7|Gm7,C7|Fm7,Bb7|Ebmaj7",NA,""
"My Melancholy Baby","Bbmaj7|Bbmaj7|Ab7|G7|Cm7|G9#5|Cm7|G9#5",NA,""
"My Old Flame","Fmaj7|Am7b5,D7b9|Gm7|Bbm7,Eb7|Fmaj7,,Bbm7,Eb7|Abmaj7,Db7|Gm7,C7|F6",NA,""
"My One And Only Love","Cmaj7,Am7|Dm7,,G7,G#0|Am7,Fmaj7|Em7,A7|Dm7,,G7(Bm7b5),G#0(E7)|Am7,D7|Dm7,G7|C6,G7",NA,""
"My Romance","Cmaj7,Fmaj7|Em7,Eb07|Dm7,G7|Cmaj7,E7|Am7,E7|Am7,A7|Dm7,G7|Cmaj7,C7",NA,""
"Nancy (With The Laughing Face)","Cm6|Dm7b5,G7b9|Cm6|F7,Bb7|Ebmaj7,Cm7|Fm7,,Dm7b5,G7|Cm7,F7|Bb7sus,C7b9",NA,""
"Nardis","Am7|Fmaj7|Am7|Fmaj7|Dm7|G7|Cmaj7|Fmaj7",NA,""
"Nascimento","Bmaj7|Bmaj7|Fm7b5|Bb7|Ebm7|Ebm7/Db|Cm7b5|F7",NA,""
"Nature Boy","Dm|Em7b5,A7b9|Dm|Em7b5,A7b9|Dm,Dm/maj7|Dm7,Dm6|Gm6,Dm|Em7b5",NA,""
"Never Let Me Go","Gm7|C7sus,C7b13|Fm7|Bb7sus,Bb7|Ebmaj7|D7sus,D7|Dbmaj7|C7sus,C7",NA,""
"Nevertheless","Bb6|Db07|Cm6,F7|Dm7b5,G7b13|Cm7,G7|C7,F7|Bbmaj7,Gm7|Cm7,F7",NA,""
"Nice 'n Easy","Am7|Am/maj7/G#|Am/G,Fmaj7|Em7|Em7b5|A7#9|Ab7#11|Dm7/G,G7",NA,""
"Nice Work If You Can Get It","Em7|C7|Em7|A7b13|Dm|Em7b5,A7b9|Am7|D7#5",NA,""
"Night We Called It A Day, The","Am7b5,D7b9|Gmaj7|F#m7b5,B7b9|Em7,Em7/D|C#7(Em7),C7(A7)|Bm7,Bb7|Am7,Ab7#11|Gmaj7",NA,""
"No Moe","Bbmaj7,G7|Cm7,F7|Dm7,G7|Cm7,F7|Fm7,Bb7|Eb7,Ab7|Cm7,F7|Bb6",NA,""
"No Moon At All","Dm6|A7b9/C#|D7/C|G6/B|Em7b5/Bb|Dm/A,,Bb7,A7|Dm6|Bb7,A7b9",NA,""
"Nobody Else But Me","Cmaj7,F7|Em7,A7|Dm7|G7|Dm7,G7|C#m7,F#7|Bmaj7|F#m7(F7#11),B7",NA,""
"Nutty","Bbmaj7,B07|Cm7,C#07|Bbmaj7/D,,Cm7,F7|F7|Bbmaj7,B07|Cm7,F7|Bbmaj7,,F7,Bb|Bbmaj7",NA,""
"O Grande Amor","Dm7|G7|Cmaj7|Fmaj7|Bbmaj7|Bbmaj7|Bm7b5|E7b9",NA,""
"Off Minor","Gm6|Db7,Gb7|Bm7,Bb7|Ebmaj7,D7|Gm6|Bb13#11|D13#11|D13#11",NA,""
"Oh, Lady Be Good","Gmaj7|C7|Gmaj7,C7|Bm7,E7|Am7|D7|G6,Em7|Am7,D7",NA,""
"Oh! Look At Me Now","Eb7,Bb7|Eb7|Abmaj7|Abm7,Db7|Ebmaj7,Db7|C7,F7,F7,Bb7|Ebmaj7|Ebmaj7",NA,""
"Ol' Man River","Ebmaj7,Fm7|Gm7,Abmaj7|Gm7,Fm7|Eb6,F7|Ebmaj7,Cm7|Fm7,Bb7|Eb6|Fm7,Bb7",NA,""
"Old Cape Cod","Eb6|Bbm7,Eb7|Abmaj7|Db7|Ebmaj7,C7|F7,Bb7|Eb6|Fm7,Bb7",NA,""
"Old Folks","Em7b5,A7b13|Dm7,Db7,Cm7,F7|Bbmaj7,Eb7|Am7b5,D7b9|Gm7,C7|Am7b5,D7b9|G7,C7|F6",NA,""
"Oleo","Bbmaj7,G7|Cm7,F7|Dm7,G7|Cm7,F7|Fm7,Bb7|Eb7,Ab7|Cm7,F7|Bb6",NA,""
"Oliloqui Valley","F7sus|F7sus|F7sus|F7sus|Eb7sus|Eb7sus|Eb7sus|Eb7sus",NA,""
"On A Misty Night","Ebmaj7,Gm7|Cm7,,Gm7,Gbm7|Fm7|Bb7|Abm7|Db7#11,Bb7|Eb6,C7|Fm7,Bb7",NA,""
"On A Slow Boat To China","Bbmaj7|G7/B|Cm7|A7/C#|Bbmaj7/D|D7b9|Ebmaj7|Dm7b5,G7b9",NA,""
"On Green Dolphin Street","Fm7|Bb7alt|Ebmaj7|Ebmaj7|Abm7|Db7alt|Gbmaj7|Fm7,Bb7",NA,""
"On The Sunny Side Of The Street","Gm7|C7|Fmaj7|Fmaj7|Am7|D7|Dm7|G7",NA,""
"Once In A While","Ebmaj7,Ab7|Ebmaj7|Gm7,D7b13|Gm7,C7|Fm7,C7|Fm7,Bb7|Gm7,C7|Fm7,Bb7",NA,""
"One By One","Am7b5,D7b13|Gm7,,(Fm7),(Bb7)|Cm7(Eb),F7(Cm7)|Bbmaj7|A7#9,Ab7|Gm7,Bb7/F|Em7b5,D7b13|Gm7",NA,""
"One Foot In The Gutter","F7|F7|Bb7|B07|F,D7|Gm7,C7|F,Bb|F,C7",NA,""
"Only Trust Your Heart","Fmaj7#11|B7#9|Em7|Am7|Dm7|G7|Bb7#11|A7",NA,""
"Opener, The","Cmaj7,C7|Bm7b5,E7alt|Am7,Ab07|Gm7,C7|Fmaj7|Bm7b5,E7alt|Am7,D7|Gm9,C7alt",NA,""
"Orange Colored Sky","Bb6,B07|Cm7,C#07|Bb/D,Ab7#11|G9|Cm7,C#07|Bb/D,G7b13|Cm7,F7|Bbmaj7",NA,""
"Ornithology","Gmaj7|Gmaj7|Gm7|C7|Fmaj7|Fmaj7|Fm7|Bb7",NA,""
"Our Delight","Bb7|A7|Abmaj7|F7|Bb7|Bbm7,Eb7|Ab6|Cm7,F7",NA,""
"Our Love is Here to Stay","G7|Gm7,C7|F6,Bb7|Am7,D7|G7|Gm7,C7|Eb7,D7|Bm7,E7",NA,""
"Out Of Nowhere","Gmaj7|Gmaj7|Bbm7|Eb7|Gmaj7|Gmaj7|Bm7|E7b9",NA,""
"Over The Rainbow (Somewhere)","Eb6,Cm7|Gm7,Ebmaj7|Abmaj7,A07(Bb7sus)|Gm7,C7|Fm7,Db7|Gm7,C7b9|F7,Bb7|Eb6,Bb7",NA,""
"P.S. I Love You","Eb6|Gm7,C7|Fm7,Bb7|Gm7b5,C7b9|F7|Fm7,Bb7|Eb6,Db7|Eb6",NA,""
"Palo Alto","Fmaj7|Fmaj7|D7b9|D7b9|Gm7|C7|Fmaj7|Cm7,F7",NA,""
"Pannonica","Cmaj7|Ebm7,Ab7|Dm7,Bb7|Ebmaj7,A7#11|Ab7,Db7|Gbmaj7,F7#5|Ebm7,,Ab7,G7|Dbmaj7",NA,""
"Parisian Thoroughfare","Fmaj7|Gm7,C7|Am7,D7|Gm7,C7|Fmaj7|Gm7,C7|Fmaj7|Gm7,C7",NA,""
"Passion Dance","F7sus|F7sus|F7sus|F7sus|F7sus|F7sus|F7sus|F7sus",NA,""
"Passion Flower","F#9b5|F9b5|F#9b5|F9b5|E7b13,Eb13|D9,D7b9|G69|G69",NA,""
"Passport","Bbmaj7,G7|Cm7,F7|Dm7,G7|Cm7,F7|Fm7,Bb7|Eb7,Ab7|Cm7,F7|Bb6",NA,""
"Peacocks, The","Bbm,Bbm/maj7|Bbm7,Bbm6|Bbm,F#m7|Fm7,Bb13|Ebm7|Ebm7|C7#9,F7#9|Bbm,F7b9",NA,""
"Penthouse Serenade","Fmaj7|Ab07|Gm7|C7|Gm7,C7|Gm7,C7|F6,Eb7|F6",NA,""
"People","Bbmaj7,Gm7|Cm7,F7|Bbmaj7,Gm7|Cm7,F7b9|Eb/Bb|Bbmaj7|Am7|D7",NA,""
"Perdido","Cm7|F7|Bb6|Dm7,G7|Cm7|F7|Bb6|Dm7,G7",NA,""
"Perhaps, Perhaps, Perhaps","Em7|Am7,B7|Em7|Am7,B7|Em7|C7,B7|Em7,Am7|Em7",NA,""
"Petit Fleur","D7b9|D7b9|Gm|Gm|A7b9|A7b9|D7b9|D7b9",NA,""
"Phase Dance","Bm9|Bm9|Bm9|Bm9|Bbmaj7#11|Bbmaj7#11|Bbmaj7#11|Bbmaj7#11",NA,""
"Pick Yourself Up","Gm7,C7|Fmaj7,Bbmaj7|Em7b5,A7b9|Dm7,G7|C7sus,C7|Am7,D7|Gm7,C7|F6",NA,""
"Played Twice","Cmaj7|Db7|Db7|A7|Cmaj7|Db7|Gm7|C7",NA,""
"Poinciana","D6|D6|Am/D|Am/D|Gm7|Em7b5,A7b9|D6|D6",NA,""
"Polkadots And Moonbeams","Fmaj7,Dm7|Gm7,C7|Fmaj7,Dm7|Gm7,,Em7b5,A7|Dm7,Db7|F/C,,Am7,Abm7|Gm7,C7|F6,,Gm7,C7",NA,""
"Poor Butterfly","Bbm7|Eb7sus,Eb7b9|Ab07|Abmaj7|C7#5#9|C7#5#9|F7|Cm7,F7",NA,""
"Popsicle Toes","Am,Am7/G|F#m7b5,F7#11|Am,Am/G|F#m7b5,F7#11|Am,Am7/G|F#m7b5,F7#11|E7#9|E7#9",NA,""
"Portrait Of Jennie","Ebmaj7|Bbm7,Eb7|Abmaj7|Abm7,Db7|Gm7,Cm7|Fm7,Bb7|Fm7,Bb7b9|Eb6,,Fm7,Bb7",NA,""
"Prelude To A Kiss","Emaj7,C#m7|F#m7b5,B7|G#m7,G07|F#m7,B7|Emaj7,C#m7|F#m7b5,B7|E7,A7|Dm7,Ebm7,Em7,Eb7",NA,""
"Pretend","Cmaj7|Cmaj7|Dm7|Dm7|G7|G7|Cmaj7|Dm7,G7sus",NA,""
"Prism","Gm|Gmb6|Em7b5|C#m7b5,F#7b9|Bm7,Dm7|A13b9,Gm|Dm7|D7b9",NA,""
"Progression","Fmaj7|Gbmaj7|Db7#5|D7,Db7|Gbmaj7#11|C7|G7|C7",NA,""
"Put On A Happy Face","Eb6,Abmaj7|Gm7,C7|Fm7,Bb7|Fm7,Bb7|Eb6,Abmaj7|Gm7,C7|Fm7,Bb7|Bbm7,Eb7",NA,""
"Puttin' On The Ritz","Fm|Fm|Fm|Fm|C7b9|C7b9|Fm,Fm/Eb|Db7,C7",NA,""
"Questar","Bbmaj7|Bb07,Bbmaj7|Bb07,Bbmaj7|Ebmaj7/Bb|F/Bb,Ebmaj7/Bb|Bmaj7/Bb|C/Bb,Bmaj7/Bb|Bbmaj7",NA,""
"Quiet Now","Am7,Fmaj7|E7,Am7|Dm7,G7,Cmaj7,|Bb7#11,A7#5|Dm7b5/Ab,,G7,E7|Am7,D7#11|Ebmaj7,Abmaj7|Db9",NA,""
"Raincheck","Fmaj7,Gm7|G#07,F/A|Bb6,Am7|G7,C7|Fmaj7,Gm7|G#07,F/A|Bb6,F6|Gm7,C7",NA,""
"Reflections","Ab,Gb7,F7,E7|Bbm7,Eb7b9|Abmaj7,,Bbm7,Bm7|Cm7,F7b9|Gm7b5|Bbm7,Eb7b9|Abmaj7,Gb7|Abmaj7",NA,""
"Remember","Bbmaj7|Eb7|Dm7|G7|Gm7|C7b9|Fmaj7|Cm7,F7",NA,""
"Rhythm-a-ning","Bb,G7|Cm7,F7|Bb,G7|Cm7,F7|Bb7,Bb7/D|Eb7,E07|Bb7/F,G7|Cm7,F7",NA,""
"Road Song","Gm7|Gm7|Am7b5|D7b9|Gm7,Gm7/F|Ebmaj7|Em7b5,Cm7|D7#9,Gm7",NA,""
"Robbin's Nest","C6|C6|Ab7|Ab7|Em7,Eb07|Dm7,G7|C6|Dm7,G7",NA,""
"Rockin' Chair","Ebmaj7|Bbm7,Eb7|Abmaj7|Db7|Gm7,C7|Fm7,Bb7|Eb6|Fm7,Bb7",NA,""
"Room 608","Bbmaj7,G7|Cm7,F7|Dm7,G7|Cm7,F7|Fm7,Bb7|Eb6,E07|Bbmaj7,G7|Cm7,F7",NA,""
"Rose Room","Bb7|Eb7|Ab6|Ab6|Ebm7|Ab7|Db6|Db6",NA,""
"Rosetta","F6|E7|Eb7|D7|G7|C7|Am7,D7|Gm7,C7",NA,""
"Ruby, My Dear","Fm9,Bb7b9|Ebmaj7,(Fm7),(F#m7),(Gm7),(Ab6),(A6)|Gm7,C7b9|Fmaj7,(Gm7),(Abm7),(Am7)|Bbm7,Eb7b9|Abmaj7,(Bbm7),(Bm7),(Cm7)|Bbm7,E13|Gb69,B7b9,Bb7b9,Bb7b9",NA,""
"S.O.S.","Cm7|Bbm7,Eb7|Abmaj7|Dm7b5,G7#5|Cm7,Eb7|Abmaj7,G7#5|Cmaj7|G7",NA,""
"S' Wonderful","Ebmaj7|Ebmaj7|Gb07|Gb07|Fm7|Bb7|Eb6,Cm7|Fm7,Bb7",NA,""
"S'posin'","Bbmaj7|Bbmaj7|Cm7|F7|Bbmaj7|Bbmaj7|Cm7|F7",NA,""
"Salt Peanuts","D7|D7|G7|G7|C7|C7|F7|F7",NA,""
"San Francisco Holiday","Am7b5,D7b9|Gm7b5,C7b9|Bb7#5#9|Fm9,Bb13b9|Am7b5,D7b9|Gm7b5,C7b9|Bb7#5#9,(Db69)|B7/D#",NA,""
"Satellite","Ebmaj7|Am7b5,D7b9|Gm7|Am7b5,D7b9|Gmaj7|Fm7,Bb7|Ebmaj7,Gb7|Bmaj7,D7",NA,""
"Satin Doll","Gm7,C7|Gm7,C7|Fmaj7|Fmaj7|Am7,D7|Am7,D7|G7|G7",NA,""
"Save Your Love For Me","Em7,D/F#|Gmaj7,A7sus|Gm7,G7sus|Bbmaj7,Eb7#11|Em7|Em7,A13b9|D,Am7|D6,B7#5#9",NA,""
"Say It (Over And Over Again)","Ebmaj7,C7|Fm7,Bb7|Eb6,C7#9|Fm7,,Dm7b5,G7|Cm7,F7|Fm7,Bb7|Ebmaj7|Fm7,Bb7",NA,""
"Say the Brother's Name","Bbmaj7|Bbmaj7|Am7|Ebmaj7#11|Dm,Dm/C|Bbmaj7,F/A|Abmaj7|Abmaj7,Ab7",NA,""
"Scotch And Soda","Abmaj7|Db7|Eb6|Gm7,C7|F7|Fm7,Bb7|Eb6|Eb6(Gm7),(C7)",NA,""
"Scrapple From The Apple","Gm7|C7|Gm7|C7|Fmaj7,F7/A|Bbmaj7,B07|Fmaj7,Gm7|Am7,D7",NA,""
"Search For Peace","Am7b5,D7b9|G13sus|Am7b5,D7b9|G13sus|Gm11,C7b9|Fm7,Bb13b9|Ebm7,Ab13b9|C#m7,E7/B",NA,""
"Second Star To The Right, The","Eb|G7|Cm|Gm|Ab,Bb7|Eb,C7|Fm7,Bb7|Eb",NA,""
"Segment","Bbm6|Cm7b5,F7b9|Bbm6|Cm7b5,F7b9|Bbm6|Cm7b5,F7b9|Bbm6|Cm7b5,F7b9",NA,""
"Sentimental Journey","C6|C6|C6,(A7)|D7,G7|C6,C7|F7,F#07(Bb7)|C6,A7|D7,G7,C6,",NA,""
"September In The Rain","Ebmaj7|Bbm7,Eb7|Abmaj7|Abmaj7|Db7|Fm7,Bb7|Eb6,C7|Fm7,Bb7",NA,""
"September Song","F7|Fm7,Bb7|Cmaj7,Dm7|Em7,Am7|D7sus,D7|G7sus,G7|C6|C6",NA,""
"Serenade To A Cuckoo","Fm7|Gm7b5,C7|Fm7|Gm7b5,C7|Fm7|Gm7b5,C7|Fm7|F7",NA,""
"Serpent's Tooth","Bbmaj7,B07|Cm7,C#07|Dm7,D7#5|Ebmaj7,Ab7#11|Bbmaj7,E9|Ebmaj7,Ab7|Bbmaj7|Bb6",NA,""
"Seven Come Eleven","Ab6(Ab),(Fm7)|Ab6(Bbm7),(Eb7)|Ab6(Cm7),(F7)|Ab6(Bbm7),(Eb7)|Ab6(Ab),(Ab7/C)|Ab6(Db),(D07)|Ab6(Bbm7/Eb),(Eb7)|Ab6(Ab)",NA,""
"Seven Steps To Heaven","Fmaj7,Bb7|Em7b5,A7|Dm7,Ab7|G7|Gm7|C7|Eb6,E6|F6",NA,""
"Shaw 'Nuff","Bbmaj7,G7|Cm7,F7|Dm7,G7|Cm7,F7|Fm7,Bb7|Eb7,Ab7|Cm7,F7|Bb6",NA,""
"She's Funny That Way","Ebmaj7,Bb7#5|Ebmaj7,Bb7#5|Ebmaj7,D7#5|Gm7b5,C7|F7|Db7|Eb6,Bb7|Eb6",NA,""
"Shine","Ebmaj7|Ebmaj7|Fm7|Bb7|Ebmaj7|Ebmaj7|Fm7|Bb7",NA,""
"Shiny Stockings","Gm7|C7|Gm7|C7|Fmaj7|Bb7|Am7|Ab07",NA,""
"Silver's Serenade","Em9|Em9|Bbm9|Bbm9|Am9|Am9|Ebm9|Ebm9",NA,""
"Since I Fell For You","Ab7|Db7|Eb7|Bbm7,Eb7|Ab7|Db7|Ebmaj7,C7b9|Fm7,Bb7",NA,""
"Skippy","D7,G7|C7,F7|Bb7,A7|Ab7,Db7|Gb7,F7|Bb7,A7|Ab7|G7",NA,""
"Skylark","Ebmaj7,Fm7|Ebmaj7/G,Abmaj7|Ebmaj7,A7#11|Abmaj7,,Gm7,C7|F7|Fm7,Bb7|Eb6,Bb7#9|Eb6,Bb7",NA,""
"Slipped Disc","Bb7,Eb7|Abmaj7,B07|Bbm7,Eb7|Ab6,F7|Bb7,Eb7|Abmaj7,B07|Bbm7,Eb7|Ab6",NA,""
"Slow Hot Wind","Am9|Am9|Am9|Am9|Dm9|Dm9|Am9|Am9",NA,""
"Smile","Fmaj7|Fmaj7|Fmaj7|Fmaj7|Fmaj7|Ab07|Gm7|D7",NA,""
"Smoke Gets In Your Eyes","Ebmaj7,Gb07|Fm7,Bb7|Bbm7,Eb7|Abmaj7,A07|Gm7,Cm7|Fm7,Bb7|Eb6,Cm7|Fm7,Bb7",NA,""
"Só Danço Samba","C6|F7|D7|D7|Dm7|G7|C6|F7",NA,""
"So Nice (Summer Samba)","Fmaj7|Fmaj7|Bm7|E7b13|Bbmaj7|Bbmaj7|Eb7|Eb7",NA,""
"So What","Dm11|Dm11|Dm11|Dm11|Dm11|Dm11|Dm11|Dm11",NA,""
"Social Call","B7#11,Bb7b13|Ebm7|Ebm7,Ab7alt|Dbmaj7|Fm7,Em7|Ebm7|Eb7,D7|Dbmaj7",NA,""
"Softly, As In A Morning Sunrise","Cm7|Dm7b5,G7b9|Cm7|Dm7b5,G7b9|Cm7|Dm7b5,G7b9|Cm7|Dm7b5,G7b9",NA,""
"Solitude","Ab6|A07|Eb6/Bb|Eb7|Ab6|A07|Eb6/Bb,C7b9|Fm7,Bb7",NA,""
"Some Other Spring","Cmaj7,G7#5|Em7b5,A7b9|Dm7,Dm7b5|Ab7,G7|C7,B7,Bb7,Bb7|Am7b5,Ab7|C6/G,,D7,G7|C6,Dm7,G7,",NA,""
"Some Other Time","Cmaj7,G7sus|Cmaj7,G7sus|Cmaj7,G7sus|C,C/G,F#m7b5,Fm7|Em7,A7|Dm7,G7sus|Cmaj7,G7sus|Cmaj7,G7sus",NA,""
"Somebody Loves Me","Fmaj7|Gm7,C7|Fmaj7|Bb7|Am7,D7|Gm7,C7|F6|Gm7,C7",NA,""
"Someday You'll Be Sorry","Eb|Eb|D7|D7|Eb|Eb|C7|C7",NA,""
"Someone To Watch Over Me","Abmaj7|Abmaj7|Abm6|Eb6/G|Am7b5,D7b9|G7b13|C7|Fm7,Bb7",NA,""
"Sometimes I'm Happy","F6,D7|Gm7,C7|Am7,D7|Gm7,C7|F6,D7|Gm7,C7|Am7,D7|Gm7,C7",NA,""
"Somewhere","Bb,Bb7|Eb7,Ab|Fm7,Bb7|Eb7,Ab|Bb,Bb7|Gm,Cm|Ab,Db|Bbm,Gb",NA,""
"Song For My Father","Fm7|Fm7|Eb7|Eb7|Db7|C7sus|Fm7|Fm7",NA,""
"Soon","Ebmaj7|Bbm7,Eb7|Abmaj7|Gm7b5,C7#9|Fm7|Am7b5(Dm7b5),D7b13(G7b9)|Gm7(Cm7),Cm7|Fm7,Bb7",NA,""
"Sophisticated Lady","Gmaj7,Em7|Am7,D7|Bm7,E7b9|Am7,D7b9|Gmaj7,Em7|Am7,D7|Gmaj7,Cm7|Bbm7,,Cm7b5,F7",NA,""
"Soul Eyes","Abmaj7|Am7b5,D7b9|Gmaj7|Abm7,Db7|Gbmaj7|Fm7,Bb7|Ebmaj7|Dm7b5,G7b9",NA,""
"Soultrane","Ebmaj7|Gm7b5,C7b9|Fm7|Db7|Abm7,,Db7,D0|Ebmaj7,,G7,C7|F7,Bb7|Eb6,Fm7/Bb",NA,""
"Sound Lee","Fm7|Bb7|Fm7|E7|Ebmaj7|Abmaj7#11|Gm7|E7",NA,""
"Spring Is Here","Ab07|Ab6|Ab07|Ab6|Cm7b5,F7b9|Bbm7|Cm7,F7|Bbm7,Eb7",NA,""
"Stairway To The Stars","C6,G7#5|Gm7,C7|Fmaj7|Bb7#11|Am7,D7|Dm7,G7|C6,Am7|D7,G7",NA,""
"Star Dust","Gbmaj7|Gbmaj7|Gbm/maj7|F#m7,B7|Dbmaj7|Fm7,Bb7|Ebm7,Bb7|Ebm7",NA,""
"Star Eyes","Ebmaj7|Fm7,Bb7|Ebmaj7|Ebm7,Ab7|Dbmaj7|Gm7b5,C7b9|Fmaj7|B7,Bb7",NA,""
"Star-Crossed Lovers, The","Gbmaj7,G9b5|Dbmaj7/Ab,Bbm7|Ebm7,Ab13|Dbmaj7,G7b5|Gbmaj7,G9b5|Dbmaj7/Ab,Bbm7|Gm7b5,C7b9|Fm",NA,""
"Stars Fell On Alabama","Cmaj7,A7|Dm7,G7|Cmaj7,Fmaj7|Em7,A7b9|Dm7|G7|Cmaj7,A7|Dm7,G7",NA,""
"Stolen Moments","Cm7|Cm6|Cm7|Cm6|Fm7|Fm6|Cm7|Cm6",NA,""
"Stompin' At The Savoy","Dbmaj7|Dbmaj7,Ab7|Dbmaj7|Dbmaj7,D07|Ebm7|Ab7|Db6|Ebm7,Ab7",NA,""
"Stormy Weather","Gmaj7,E7|Am7,D7|Gmaj7,E7|Am7,D7|G6,E7|Am7,D7#5|G6,E7#9|Am7,D7",NA,""
"Straight Life","F7|Eb7|F7|Eb7|F7|Eb7|F7|Eb7",NA,""
"Strangers In The Night","Fmaj7|Fmaj7|Fmaj7|Fmaj7|Fmaj7|F/A,Ab07|Gm6,Eb/G|Gm6,Eb/G",NA,""
"Street Of Dreams","F7|Fm7,Bb7|Ebmaj7,Abmaj7|Gm7,C7#5|F7|Fm7,Bb7|Ebmaj7,Bb7#5|Bbm7,Eb7",NA,""
"Strike Up The Band","Ebmaj7|Ebmaj7|E07|E07|Fm7|Bb7|Ebmaj7(Bbm7)|Bbm7(Eb7),Eb7",NA,""
"Strollin'","Dbmaj7|Dbmaj7|Em7,A7|Ebm7,Ab7|Dbmaj7|Dbmaj7|Abm7,Db7|Gm7,C7",NA,""
"Subconscious Lee","Gm7b5|C7b9|Fm7|Fm7|Dm7b5|G7b9|Cmaj7|Cmaj7",NA,""
"Suddenly It's Spring","Cm7|D7|Gm7|C7|Cm7|F7|Bbmaj7|Dm7b5,G7b9",NA,""
"Summer Knows, The","Fm9|C7b9/E|Fm9/Eb|Dm7b5|Bbm9|F7b9/A|Bbm9/Ab,Gm7b5|C7b9sus,C7b9",NA,""
"Summer Night","Cm7|G7b9|Cm7|G7b9|Cm7,Bm7|Bbm7,Eb7|Abmaj7|Dbmaj7#11",NA,""
"Sunshower","Am7|Bm7b5|Am7|Bm7b5|Am7|Bm7b5|Am7|Bm7b5",NA,""
"Surrey With The Fringe On The Top","Bbmaj7,B07|Cm7,F7|Bbmaj7,B07|Cm7,F7|Bbmaj7,B07|Am7b5,D7|Gm7,C7|Cm7,F7",NA,""
"Sway","Am7b5,D7|Am7b5,D7|Gm7|Gm7|Eb7,D7|Eb7,D7|Gm7|Gm7",NA,""
"Sweet And Lovely","Gm7|C7|Gm7|C7|F7|Bbmaj7,Eb7|Cmaj7,G7|C6",NA,""
"Sweet Lorraine","G6,F7,E7,|Am7,,D7,B7/D#|Em7,Eb7,Dm7,G7|C7,B7b9|E7,A7|Am7,D7|G6,,C7,C#0|G6/D,D7",NA,""
"Sweet Sue, Just You","Am7|D7|Am7|D7|G6|C7|G6|Bm7b5,E7b9",NA,""
"Swinging At The Haven","Bb13sus|Bb13sus|Bb13sus|Bb13sus|Ab13sus|Ab13sus|Ab13sus|Ab13sus",NA,""
"Tadd's Delight","Bbm7|Bbm7,Eb7b9|Abmaj7|Cm7b5,F7|Bbm7|Bbm7,Eb7b9|Abmaj7|Ebm7,Ab7",NA,""
"Take The A Train","C6|C6|D7#11|D7#11|Dm7|G7|C6|Dm7,G7",NA,""
"Taking A Chance On Love","Fmaj7,Dm7|Gm7,D7|Gm7,C7|Fmaj7,A7|Dm7|G7|Gm7,C7|F6,,(Gm),(C7)",NA,""
"Tangerine","Gm7|C7|F6,Bb7|Am7,D7#9|Gm7,C7|Gm7,C7|Fmaj7|D7b9",NA,""
"Tautology","Fmaj7|A7b9|Dm7|D7b13|Gm7|C7|Fmaj7,Dm7|Gm7,C7",NA,""
"Tea For Two","Bbm7,Eb7|Bbm7,Eb7|Abmaj7,Db7|Cm7,F7|Bbm7,Eb7|Bbm7,Eb7|Abmaj7|Abmaj7",NA,""
"Teach Me Tonight","Ebmaj7,Ab7|Gm7,C7b13|Fm7,Bb7|Gm7b5,C7b9|Fm7|Bb7|Eb6,Cm7|Fm7,Bb7",NA,""
"Tempus Fugit","Gm7,A7b9|Dm7|A7b9|Dm7|Gm7,A7b9|Dm7|E7,A7b9|Dm7",NA,""
"Tenderly","Ebmaj7|Ab7|Ebm7|Ab7|Fm7|Db7#11|Ebmaj7|Gm7b5,C7b9",NA,""
"Thanks For The Memory","Gm7,C7|F6|F6,F#07|Gm7,C7,F6,|F#07,Gm7|A07,Bb6|Gm7,C7|F6,D7b9",NA,""
"That Ole Devil Called Love","Bbm7,Eb7|Ab6|Cm7|F7|Bbm7|Bbm7b5,Eb7|Bbm7,,Bbm7/Eb,Eb7|Ab6",NA,""
"That's All","Bbmaj7,Cm7|Dm7,,Cm7,F7|Bbmaj7,Eb7|Dm7,G7|Em7b5,Ebm7|Bbmaj7/D,G7#9|Cm7,F7|Bb6,F7",NA,""
"That's Life","Gmaj7|F#m7,B7|Em7|A7|Gmaj7,B7|Em7|A7|Am7,D7",NA,""
"Them There Eyes","Abmaj7|Abmaj7|Abmaj7|Abmaj7|Ab6|F7|Bb7|Bb7",NA,""
"Theme, The","Bbmaj7,G7|Cm7,F7|Dm7,G7|Cm7,F7|Fm7,Bb7|Eb7,Ab7|Cm7,F7|Bb6",NA,""
"There Is No Greater Love","Bbmaj7|Eb7|Ab7#11|G7|C7|Cm7,F7|Bb6|Cm7,F7",NA,""
"There Will Never Be Another You","Ebmaj7|Ebmaj7|Dm7b5|G7b9|Cm7|Cm7|Bbm7|Eb7",NA,""
"There'll Be Some Changes Made","G7|G7|C7|C7|D7|G7|C7|C7,F7",NA,""
"There's A Small Hotel","Gmaj7|Gmaj7|Gmaj7,C7|Bm7,Bb07|Am7,Ab07|Am7,D7|Gmaj7|Am7,D7",NA,""
"There's No You","Fmaj7|Eb7|Fmaj7|Db7|Fmaj7|Am7,Ab07|Gm7,C7|Fmaj7,(C7)",NA,""
"These Foolish Things","Ebmaj7,Cm7|Fm7,Bb7|Ebmaj7,Cm7|Fm7,Bb7|Bbm7,Eb7|Abmaj7,,G7,C7|F7,Bb7|Eb6,,Fm7,Bb7",NA,""
"They All Laughed","Gmaj7,Em7|Am7,D7|Am7,D7|Gmaj7,D7sus|Gmaj7,Em7|Am7,D7|G6|Am7,D7",NA,""
"Things We Did Last Summer, The","Cm7,F7|Cm7,F7|Bbmaj7,F7|Bbmaj7|Dm7,G7|Dm7,G7|C7,Ab7|Gm7,C7",NA,""
"Think Of One","F,B9b5|Dm7,Eb9|Ab13,Db7|Gb13|F,B9b5|Dm7,Eb9|Ab7,Db7|Gb7",NA,""
"This Can't Be Love","Fmaj7|Fmaj7|Bb7|Bb7|Fmaj7|Dm7|Gm7|C7",NA,""
"This I Dig Of You","Bbmaj7/F|Cm7/F|Dm7/F|Cm7/F|Dm7/F|Cm7/F|Bbmaj7/F|Fm7,Bb7",NA,""
"This Is All I Ask","Fmaj7|D7b13|Gm7,C7|Fmaj7|Fmaj7,Dm7|Gm7,C7|Fmaj7|Bm7b5,E7b9",NA,""
"This Time The Dream's On Me","Gmaj7|E7b13|Am7|Cm7,F7|Bm7,E7|Am7,D7|G6,Em7|Am7,D7",NA,""
"Thou Swell","Fm7|Bb7|Fm7|Bb7|Ebmaj7|Ab7|Ebmaj7|Am7b5,D7b9",NA,""
"Three Little Words","Cmaj7|Cmaj7|Cmaj7|Ebm7,Ab7|Dm7|G7|Dm7|G7",NA,""
"Thriving From A Riff","Bbmaj7,G7|Cm7,F7|Dm7,G7|Cm7,F7|Bbmaj7,Bb7|Eb7,Ab7|Cm7,F7|Bb6",NA,""
"Tickle-Toe","Bbm7,F7|Bbm7,F7|Bbm7|Bb7|Ebm7,Bb7|Ebm7,Bb7|Ebm7|Abm7,Db7",NA,""
"Till There Was You","Ebmaj7|E07|Fm7|Abm7,Db9|Gm7,Gb07|Fm7,Bb7|Eb6|Fm7,Bb7",NA,""
"Tin Tin Deo","Fm6,Ebm6|Dbmaj7,C7#5|Fm6,D7#9|Gm7b5,Gb7|Fm6,Ebm6|Dbmaj7,C7#5|Fm7,Bb7|Eb7,D7b5#9",NA,""
"Tiny Capers","Bb6,D7|Gm7,Bb7|Ebmaj7,G7|Cm7,C#07|Dm7,Eb7|Dm7,G7|Cm7,F7|Bb6,F7",NA,""
"Tippin'","Bb6,G7b9|Cm7,C#07|Bb/D,G7b9|Cm7,F7|Bb7|Eb6,E07|Bb/F,Gm7|C7,,F7,Bb",NA,""
"Tis Autumn","Fm7|Bb7#5|Ebmaj7,Fm7|Gm7,C7b9|Fm7,Db7#11|Cm7,F7|Fm7,Bb7|Eb6,C7b9#5",NA,""
"Tonight I Shall Sleep","Dbmaj7|Cm7b5,F7b9|Bbm7,Bbm7/Ab|Gm7b5,Gb7#11|Fm7b5,Bb7b9|Fm7b5,Bb7b9|Eb7|Eb7",NA,""
"Tonight You Belong To Me","Cmaj7|Em7|Fmaj7|Cmaj7,A7|Dm7,Fm6|Cmaj7,Am7|D7,G7|Cmaj7,G7",NA,""
"Too Close For Comfort","Cmaj7|B7#5|Em7b5|A7b13|Dm7b5|G7|Cmaj7|Gm7,C7",NA,""
"Too Marvelous For Words","Am7|D7|Gmaj7,F7|E7b9|Am7|F7|Am7,D7|G6",NA,""
"Too Young To Go Steady","Fmaj7,Dm7|Gm7,C7|Fmaj7,Dm7|Gm7,C7|Am7,D7|Gm7,C7|F6,D7|Gm7,C7",NA,""
"Touch Of Your Lips, The","Cmaj7,Am7|Dm7,G7|Cmaj7,Am7|Dm7,G7|Cmaj7,Am7|Dm7,G7|Em7b5|A7b9",NA,""
"Tour De Force","Dm7b5,Dbm7|Cm7,Bm7|Bbm7,Eb7|Cm7,Bm7|Dm7b5,Dm7|Cm7,Bm7|Bbm7,Eb7|Ab6",NA,""
"Toy Tune","Bbm9,Am9,Cm7,Bm7|Bm7|Db/A|Bbm7,Bmaj7|Gbmaj9,Em69|Dmaj9,Gm9|Fmaj9|E7alt",NA,""
"Toys","Bb7(F7)|Bb7(F7)|F7|F7|E7#9|Db|Cm7|Cm7",NA,""
"Training","Dm7,G7|Cm7|C#m7,F#7|Bmaj7|Bbm7,Eb7|Abmaj7|Bbm7,Eb7|Abmaj7",NA,""
"Travels","Gmaj7|Gmaj7/B|Cmaj7,Cmaj7/D|Gmaj7,B7|Em7,Dm9|Cmaj7|Em7,C/D|Gadd9,C/D",NA,""
"Tricotism","A7|A7|Dbmaj7|Cm7b5,F7b9|Bbm,Bbm/maj7|Bbm7,Eb7|Ebm7|Ab7",NA,""
"Trinkle Tinkle","Bbm7,Eb7|A7#11|Ab7,Db7|F#7,B7|E7,Fm7|Bb7#5,Ebmaj7|Ebmaj7|Ebmaj7",NA,""
"Troubled Waters","Dm6|Gm7,E7|A7|D7|G7|C7|F6|Bb7,A7",NA,""
"Try A Little Tenderness","Ebmaj7,Cm7|Fm7,Bb7|Eb6,Gm7b5/Db|C7|F7|Bb7|Eb6|Fm7,Bb7",NA,""
"Two For The Road","Em7,B7b13|Em7,A7b9|Dm7,A7b13|Dm7,G7b9|Em7b5,A7b9|Dm7b5,G7b9|Cmaj7,Cmaj7/B|Am7,Am7/G",NA,""
"Two Not One","Dbmaj7|Dbm/maj7|Abmaj7|F7#11|Bbm7|Eb7|Abmaj7|Ab7",NA,""
"Two Sleepy People","Eb6,Gb07|Fm7,Bb7|Eb6,C7|Fm7,Bb7|Gm7,C7|Fm7,Ab6|Eb,C7,F7,Bb7|Eb6,Bb7",NA,""
"Undecided","C6|C6|F7|F7|D7|Dm7,G7|C6|C6",NA,""
"Under A Blanket Of Blue","Bbm7|Eb7#5|Abmaj7,Cm7|F7|Bbm7|Eb7|Abmaj7,Dbm6|Ab6",NA,""
"Unforgettable","Gmaj7|Gmaj7|Bb07|Bb07|Cmaj7|Cmaj7|Em7|A7",NA,""
"Unity Village","Am|E7|Fmaj7|Fmaj7|Am|E7|Fmaj7|Bbmaj7#11",NA,""
"Upper Manhattan Medical Group","Fm7b5|Bb7b9|Ebm7|Ab7|Db07|Db6|Db07|Db6",NA,""
"Very Thought Of You, The","Abmaj7,Dbmaj7|Cm7,Eb7sus|Ab6,Dbmaj7|Cm7,Eb7sus|Ab6,Bbm7|B07,Ab6/C|Bb7|Bb7",NA,""
"Violets For Your Furs","Gm7,C7|Fmaj7|Bbm7,Eb7|Fmaj7,D7b9|Gm7,C7|Fmaj7|Am7,D7b9|Gm7,D7b9#5",NA,""
"Virgo","Fmaj7|Bbm7,Eb7|Dm7b5,Bb7#11|Amaj7|Am7|Fm7,Bb7|Em7b5,Eb7#11|Dmaj7",NA,""
"Voyage","Fm6|Fm6|F#m6|F7b9|Bbm7|Gm7b5,C7b9|Fm6|Gm7b5,C7b9",NA,""
"Walkin' My Baby Back Home","Ebmaj7,Bb7|Ebmaj7,Bb7|Ebmaj7,C7|F7|Fm7,Bb7|Fm7,Bb7|Fm7,Bb7|Eb6",NA,""
"Walkin' up","Cmaj7,Bbmaj7|Abmaj7,Gbmaj7|Fmaj7,B13|Emaj7,Amaj7#11|Ebmaj7,Abmaj7|Dbmaj7,Gbmaj7|Bmaj7,Emaj7|Amaj7,Dmaj7",NA,""
"Warm Valley","Bbmaj7|E7|Eb7,,Em7b5,A7|D7|Dm7b5,G7b9|Cm7b5|Bbmaj7,F7sus|Bbmaj7,F7",NA,""
"Wave","Gm7/Bb|C7/Bb|Fmaj7/A|Fmaj7/A|Fm7/Ab|Bb7/Ab|Ebmaj7/G|A7b9",NA,""
"Wayne's Thang","Em7|Em7|C6|C6|B7b9b13|B7b9b13|Em7|Em7",NA,""
"We See","Bbmaj7,Ab7|Gb7|Cm7|F7|Fm7,Bb7b9|Ebmaj7,Ab7|C7|F7",NA,""
"We'll Be Together Again","C6,C6,Ab7,|Dm7,G7|Am7|D7#11|Bbm7,Eb7|Abmaj7,Dbmaj7|Dm7b5,G7|C6,,Dm7,G7",NA,""
"Webb City","Bbmaj7,Gm7|Cm7,C#07|Dm7,G7b9|Cm7,F7|Bb7|Eb7,Ebm7|Cm7,F7|Bb6",NA,""
"Well You Needn't","F6|Gb7|F6|Gb7|F6|Gb7|F6|F6",NA,""
"What Are You Doing New Year's Eve?","Fmaj7|Eb7|Fmaj7,F7|Bbmaj7,Eb7|Fmaj7,Dm7|G7|C7,C7b9|F6,C7sus",NA,""
"What Is This Thing Called Love","Gm7b5|C7b9|Fm6|Fm6|Dm7b5|G7#5|Cmaj7|Cmaj7",NA,""
"What's New","C6|Bbm7,Eb7|Abmaj7|Dm7b5,G7b9|Cm7,Am7b5|Dm7b5,G7b9|C6,Am7|Dm7,G7",NA,""
"When I Fall In Love","Ebmaj7,C7|Fm7,Bb7|Ebmaj7,C7|Fm7,Bb7|Ebmaj7,Ab7|G7b9,C7b9|F7|Bb7",NA,""
"When It's Sleepy Time Down South","Fmaj7|Bb7#11|Cmaj7,Am7|D7|G7,G7/F|E7sus,E7|Fmaj7,Bb7|C6,C7",NA,""
"When Lights Are Low","Ebmaj7,Fm7|Gm7,Fm7|Ebmaj7,Fm7|Gm7,C7#9|Fm7,Bb7|Gm7,C7|Fm7,Bb7|Eb6,Bb7",NA,""
"When Sunny Gets Blue","Gm7,C7|Bbm7,Eb7|Fmaj7,Gm7|Am7,D7|Bm7b5,,Bbm7,Eb7|Fmaj7/A,,Abm7,Db7|Gm7,C7|Fmaj7",NA,""
"When The Sun Comes Out","C7,Bb7|Am7,D7|C7,C#07|D7sus,D7|Dm7,G7|Cmaj7,F7|Bm7,E7|Am7,D7",NA,""
"When You Wish Upon A Star","Cmaj7,A7b13|Dm7|G7|C6,F7|Em7,Eb07|Dm7,G7|Dm7,G7|C6",NA,""
"When You're Smilin'","Fm7|Bb7|Eb6|Eb6|Gm7|C7|Cm7|F7",NA,""
"When Your Lover Has Gone","Gmaj7|G6|Gm6|C7|A7|A7|Cm6|F7",NA,""
"Where Are You?","Gmaj7,C7|Bm7,Bb07|Am7,D7sus|Gmaj7,Em7|A7,Bb07|Bm7,E7|Am7,D7|G6,Am7,D7,",NA,""
"Where Or When","Eb|Eb6|Ebmaj7|Ebmaj7|Abmaj7|Abmaj7|Abmaj7|Fm7,Bb7sus",NA,""
"Whisper Not","Cm7,Cm7/Bb|Am7b5,D7b9|Gm7,Gm7/F|Em7b5,A7b9|Dm7,Bm7b5|Em7b5,A7b9|Dm7,Em7|Fm7,G7b9",NA,""
"Who Can I Turn To","Ebmaj7|Ebmaj7|Fm7|Bb7|Ebmaj7,Fm7|Gm7,Abmaj7|Bbm7|Eb7",NA,""
"Why Do I Love You?","Abmaj7|Fm7|Bbm7|Eb7|Abmaj7|F7|Bbm7|Eb7",NA,""
"Willow Weep For Me","G7,C7|G7,C7|G7,,Am7,Bb0|G6/B,Am7,Dm7,Db7|C7,Db7#11|C7,,Am7,D7|G7,C7|G7,D7",NA,""
"With The Wind And The Rain In Your Hair","Eb07|Eb07|Ebmaj7,Fm7|Gm7,G7b9|Cm7|F7|Fm7|Bb7",NA,""
"Woody'n You","Gm7b5|C7b9|Fm7b5|Bb7b9|Ebm7b5|Ab7b9|Dbmaj7|Dbmaj7",NA,""
"Wow","Gm7|C7|F6,Gm7|Am7,Abmaj7|Gmaj7|Gbm7|Fmaj7|F#07",NA,""
"Wrap Your Troubles In Dreams","Cmaj7,F7|Em7,A7|Dm7,E7|Am7,C7|Fmaj7,F#07|Cmaj7/G,A7|D7,G7|Cmaj7,G7",NA,""
"Yardbird Suite","C6|Fm7,Bb7|C7,Bb7|A7|D7|G7|C6|Dm7,G7",NA,""
"Yesterday's Gardenias","Bbmaj7,Cm7|Dm7,G7b9|Cm7,B07|Cm7,F7|Bbmaj7,Eb7#11|Dm7,Gm7|Em7|A7",NA,""
"You And The Night And The Music","Ab7|Ab7|G7|G7|Ab7|Ab7|G7,Ab7|G7",NA,""
"You Are Too Beautiful","Fmaj7,F#07|C6/G,A7b9|Dm7,G7b9|Cmaj7|Bm7b5,E7b9|Am7,E7b9|Am7,D7|Dm7,,Em7,A7",NA,""
"You Better Go Now","Ebmaj7,Bb7#5|Ebmaj7,E07|Fm7,Bb7|Fm7,Bb7|Ebmaj7,Bb7#5|Ebmaj7,E07|Fm7,Bb7|Fm7,Bb7",NA,""
"You Brought A New Kind Of Love To Me","Bbm7|Eb7|Ab7,G7|Gb7,F7|Bb7|Eb7|Ab6,F7|Bbm7,Eb7",NA,""
"You Can Depend On Me","Gm7|C7|Fmaj7|Am7,Ab07|Gm7|C7|F6|Am7b5,D7",NA,""
"You Don't Know What Love Is","Fm7|Db7,C7b9|Fm7,C7b9|Db7|Gm7b5,C7b9|Fm7,E7,Ebm7,D7|Db7,C7b9|Fm6",NA,""
"You Go To My Head","Ebmaj7,Gm7|Abm7,Db7|Gbmaj7|Fm7b5,Bb7b13|Ebm7,Cm7b5|Fm7b5,Bb7b13|Ebmaj7|Bbm7,Eb7",NA,""
"You Keep Coming Back Like A Song","Ebmaj7|Fm7,Bb7|Ebmaj7|Fm7,Bb7|Ebmaj7,E07|Fm7,Bb7|Ebmaj7|Eb7",NA,""
"You Make Me Feel So Young","Bbmaj7,B07(G7b9#5)|Cm7,F7(C#07)|Bbmaj7(Dm7),B07(G7#5)|Fm7/C(Gb9),F7|Bbmaj7,Bb7(E7b5)|Ebmaj7,Eb6(E07)|Dm7(Bb6/F),Db07(G7#5)|Cm7,F7",NA,""
"You Must Believe In Spring","C#m7b5,F#7b9|F#7b9/B,Bm7|Em7,A7|A7b9/D,Dmaj7|G#m7b5,C#7b9|F#m7b5,B7b9|Em7,A7|Dmaj7,,G#7#5(C#m7b5),(F#7)",NA,""
"You Stepped Out Of A Dream","Cmaj7|Cmaj7|Dbmaj7|Dbmaj7|Bbm7|Eb7|Abmaj7|Abmaj7",NA,""
"You Took Advantage Of Me","Eb6,E07|Fm7,Bb7|Gm7,Gb07|Fm7,Bb7|Bbm7,Eb7|Abmaj7,Db7|Gm7,C7,Fm7,Bb7|Eb6,,Fm7,Bb7",NA,""
"You Won't Forget Me","Am7b5|D7b9|Gm7|C7|Cm7|F7b9|Bbm7|G7b9",NA,""
"You'd Be So Nice To Come Home To","Am7|Bm7b5,E7b9|Am7|Am7|Gm7|C7|Fmaj7|Fmaj7",NA,""
"You're Blasé","Fmaj7|Ab07|Gm7,F#07|Gm7,F#07|Gm7|C7|F6,Bb7|F6",NA,""
"You're My Thrill","E7|Bm7b5|E7|Bm7b5,E7|Em7b5|A7b9|D7,Bb7|Am7,F7",NA,""
"You're Nobody Till Somebody Loves You","Ebmaj7|G7|C7|C7|Fm7|Bb7|Eb6|Eb6",NA,""
"You've Changed","Ebmaj7|Am7b5,D7b13|Gm7b5|C7,C7b13|F7|B7,Bb7|Eb6|Fm7,Bb7",NA,""
"Young And Foolish","Cmaj7,Am7|Dm7,G7|Cmaj7|Gm7,C7|Fmaj7|Em7b5,A7b9|Dm7|G7sus,G7",NA,""
"Young At Heart","Bbmaj7|Bbmaj7,Db07|Cm7|Cm7|F7,Cm7|F7,F7#5|Bbmaj7|Bbmaj7",NA,""
"Yours Is My Heart Alone","Bm7b5|E7b9|Am7|D7|Gm7|C7|F6|F6",NA,""
"Zoltan","Cmaj7#11|Cmaj7#11|Cmaj7#11|Cmaj7#11|Bbmaj7#11|Bbmaj7#11|Bbmaj7#11|Bbmaj7#11",NA,""
NA,NA,NA,""
NA,NA,NA,""
NA,NA,NA,""
NA,NA,NA,""
NA,NA,NA,""
NA,NA,NA,""
NA,NA,NA,""
NA,NA,NA,""
NA,NA,NA,""
NA,NA,NA,""
NA,NA,NA,""
NA,NA,NA,""
NA,NA,NA,""
NA,NA,NA,""
NA,NA,NA,""
NA,NA,NA,""
NA,NA,NA,""
NA,NA,NA,""
NA,NA,NA,""
NA,NA,NA,""
NA,NA,NA,""
NA,NA,NA,""
NA,NA,NA,""
NA,NA,NA,""
NA,NA,NA,""
NA,NA,NA,""
NA,NA,NA,""
NA,NA,NA,""
NA,NA,NA,""
NA,NA,NA,""
NA,NA,NA,""
NA,NA,NA,""
NA,NA,NA,""
NA,NA,NA,""
NA,NA,NA,""
NA,NA,NA,""
NA,NA,NA,""
NA,NA,NA,""
NA,NA,NA,""
NA,NA,NA,""
NA,NA,NA,""
NA,NA,NA,""
NA,NA,NA,""
NA,NA,NA,""
NA,NA,NA,""
NA,NA,NA,""
NA,NA,NA,""
NA,NA,NA,""
NA,NA,NA,""
NA,NA,NA,""
NA,NA,NA,""
NA,NA,NA,""
NA,NA,NA,""
NA,NA,NA,""
NA,NA,NA,""
NA,NA,NA,""
NA,NA,NA,""
NA,NA,NA,""
NA,NA,NA,""
NA,NA,NA,""
NA,NA,NA,""
NA,NA,NA,""
NA,NA,NA,""
NA,NA,NA,""
NA,NA,NA,""
NA,NA,NA,""
NA,NA,NA,""
NA,NA,NA,""
NA,NA,NA,""
NA,NA,NA,""
NA,NA,NA,""
NA,NA,NA,""
NA,NA,NA,""
NA,NA,NA,""
NA,NA,NA,""
NA,NA,NA,""
NA,NA,NA,""
NA,NA,NA,""
NA,NA,NA,""
NA,NA,NA,""
NA,NA,NA,""
NA,NA,NA,""
NA,NA,NA,""
NA,NA,NA,""
NA,NA,NA,""
NA,NA,NA,""
NA,NA,NA,""
NA,NA,NA,""
NA,NA,NA,""
NA,NA,NA,""
NA,NA,NA,""
NA,NA,NA,""
NA,NA,NA,""
NA,NA,NA,""
NA,NA,NA,""
NA,NA,NA,""
NA,NA,NA,""
NA,NA,NA,""
NA,NA,NA,""
NA,NA,NA,""
NA,NA,NA,""
NA,NA,NA,""
NA,NA,NA,""
NA,NA,NA,""
NA,NA,NA,""
NA,NA,NA,""
NA,NA,NA,""
NA,NA,NA,""
NA,NA,NA,""
NA,NA,NA,""
NA,NA,NA,""
NA,NA,NA,""
NA,NA,NA,""
NA,NA,NA,""
NA,NA,NA,""
NA,NA,NA,""
NA,NA,NA,""
NA,NA,NA,""
NA,NA,NA,""
NA,NA,NA,""
NA,NA,NA,""
NA,NA,NA,""
NA,NA,NA,""
NA,NA,NA,""
NA,NA,NA,""
NA,NA,NA,""
NA,NA,NA,""
NA,NA,NA,""
NA,NA,NA,""
NA,NA,NA,""
NA,NA,NA,""
NA,NA,NA,""
NA,NA,NA,""
NA,NA,NA,""
NA,NA,NA,""
NA,NA,NA,""
NA,NA,NA,""
NA,NA,NA,""
NA,NA,NA,""
NA,NA,NA,""
NA,NA,NA,""
NA,NA,NA,""
NA,NA,NA,""
NA,NA,NA,""
NA,NA,NA,""
NA,NA,NA,""
NA,NA,NA,""
NA,NA,NA,""
NA,NA,NA,""
NA,NA,NA,""
NA,NA,NA,""
NA,NA,NA,""
NA,NA,NA,""
NA,NA,NA,""
NA,NA,NA,""
NA,NA,NA,""
NA,NA,NA,""
NA,NA,NA,""
NA,NA,NA,""
NA,NA,NA,""
NA,NA,NA,""
NA,NA,NA,""
NA,NA,NA,""
NA,NA,NA,""
NA,NA,NA,""
NA,NA,NA,""
NA,NA,NA,""
NA,NA,NA,""
NA,NA,NA,""
NA,NA,NA,""
NA,NA,NA,""
NA,NA,NA,""
NA,NA,NA,""
NA,NA,NA,""
NA,NA,NA,""
NA,NA,NA,""
NA,NA,NA,""
NA,NA,NA,""
NA,NA,NA,""
NA,NA,NA,""
NA,NA,NA,""
NA,NA,NA,""
NA,NA,NA,""
NA,NA,NA,""
NA,NA,NA,""
NA,NA,NA,""
NA,NA,NA,""
NA,NA,NA,""
NA,NA,NA,""
NA,NA,NA,""
NA,NA,NA,""
NA,NA,NA,""
NA,NA,NA,""
NA,NA,NA,""
NA,NA,NA,""
NA,NA,NA,""
NA,NA,NA,""
NA,NA,NA,""
NA,NA,NA,""
NA,NA,NA,""
NA,NA,NA,""
NA,NA,NA,""
NA,NA,NA,""
NA,NA,NA,""
NA,NA,NA,""
NA,NA,NA,""
NA,NA,NA,""
NA,NA,NA,""
NA,NA,NA,""
NA,NA,NA,""
NA,NA,NA,""
NA,NA,NA,""
NA,NA,NA,""
NA,NA,NA,""
NA,NA,NA,""
NA,NA,NA,""
NA,NA,NA,""
NA,NA,NA,""
NA,NA,NA,""
NA,NA,NA,""
NA,NA,NA,""
NA,NA,NA,""
NA,NA,NA,""
NA,NA,NA,""
NA,NA,NA,""
NA,NA,NA,""
NA,NA,NA,""
NA,NA,NA,""
NA,NA,NA,""
NA,NA,NA,""
NA,NA,NA,""
NA,NA,NA,""
NA,NA,NA,""
NA,NA,NA,""
NA,NA,NA,""
NA,NA,NA,""
NA,NA,NA,""
NA,NA,NA,""
NA,NA,NA,""
NA,NA,NA,""
NA,NA,NA,""
NA,NA,NA,""
NA,NA,NA,""
NA,NA,NA,""
NA,NA,NA,""
NA,NA,NA,""
NA,NA,NA,""
"Luke's Song","C Emin G A",NA,""
